image_name,role,ground_truth,defect_type,image_score,image_threshold,pixel_low_threshold,pixel_high_threshold,min_region_area,spatial_sigma,strong_peak,region_mean,region_area,old_verdict,new_verdict,old_local_fail,new_local_fail,old_reason,inference_ms,old_segmentation_ms,new_segmentation_ms,regions,old_iou,new_iou,old_precision,new_precision,old_recall,new_recall,raw_peak_in_defect
Image_25789.jpg,calibration,GOOD,good,0.4723314666748047,0.6373954391479493,57.91242727279665,62.90890884399414,1,0.8,,,0,PASS,PASS,False,False,Score: 0.4723 (threshold: 0.6374),674.7418999439105,0.3614000743255019,2.4754999903962016,[],,,,,,,
Image_25793.jpg,calibration,GOOD,good,0.5892531967163086,0.6373954391479493,57.91242727279665,62.90890884399414,1,0.8,,,0,PASS,PASS,False,False,Score: 0.5893 (threshold: 0.6374),654.1751000331715,0.2671000547707081,2.156200003810227,[],,,,,,,
Image_28362.jpg,calibration,GOOD,good,0.48074390411376955,0.6373954391479493,57.91242727279665,62.90890884399414,1,0.8,,,0,PASS,PASS,False,False,Score: 0.4807 (threshold: 0.6374),670.3904999885708,0.4135000053793192,2.1468999329954386,[],,,,,,,
Image_28369.jpg,calibration,GOOD,good,0.4922654724121094,0.6373954391479493,57.91242727279665,62.90890884399414,1,0.8,,,0,PASS,PASS,False,False,Score: 0.4923 (threshold: 0.6374),664.757400052622,0.2440001117065549,2.074599964544177,[],,,,,,,
Image_28373.jpg,calibration,GOOD,good,0.5101707077026367,0.6373954391479493,57.91242727279665,62.90890884399414,1,0.8,,,0,PASS,PASS,False,False,Score: 0.5102 (threshold: 0.6374),625.7553000468761,0.3215000033378601,2.0888999570161104,[],,,,,,,
Image_28377.jpg,calibration,GOOD,good,0.48334426879882814,0.6373954391479493,57.91242727279665,62.90890884399414,1,0.8,,,0,PASS,PASS,False,False,Score: 0.4833 (threshold: 0.6374),663.442200049758,0.27059996500611305,2.1522000897675753,[],,,,,,,
Image_28405.jpg,calibration,GOOD,good,0.4664562225341797,0.6373954391479493,57.91242727279665,62.90890884399414,1,0.8,,,0,PASS,PASS,False,False,Score: 0.4665 (threshold: 0.6374),638.3440000936389,0.2584999892860651,2.8572999872267246,[],,,,,,,
Image_28409.jpg,calibration,GOOD,good,0.47396804809570314,0.6373954391479493,57.91242727279665,62.90890884399414,1,0.8,,,0,PASS,PASS,False,False,Score: 0.4740 (threshold: 0.6374),698.2346998993307,0.40280004031956196,2.2175998892635107,[],,,,,,,
Image_28411.jpg,calibration,GOOD,good,0.4909716796875,0.6373954391479493,57.91242727279665,62.90890884399414,1,0.8,,,0,PASS,PASS,False,False,Score: 0.4910 (threshold: 0.6374),672.769199940376,0.37420005537569523,2.2176000056788325,[],,,,,,,
Image_28416.jpg,calibration,GOOD,good,0.5143769073486328,0.6373954391479493,57.91242727279665,62.90890884399414,1,0.8,,,0,PASS,PASS,False,False,Score: 0.5144 (threshold: 0.6374),635.2578001096845,0.328000052832067,2.1303000394254923,[],,,,,,,
Image_28419.jpg,calibration,GOOD,good,0.6371330261230469,0.6373954391479493,57.91242727279665,62.90890884399414,1,0.8,,,0,PASS,PASS,False,False,Score: 0.6371 (threshold: 0.6374),655.2991999778897,0.3867000341415405,2.2049000253900886,[],,,,,,,
Image_28427.jpg,calibration,GOOD,good,0.4840916442871094,0.6373954391479493,57.91242727279665,62.90890884399414,1,0.8,,,0,PASS,PASS,False,False,Score: 0.4841 (threshold: 0.6374),694.871100015007,0.34659996163100004,2.09500000346452,[],,,,,,,
Image_28433.jpg,calibration,GOOD,good,0.5072427749633789,0.6373954391479493,57.91242727279665,62.90890884399414,1,0.8,,,0,PASS,PASS,False,False,Score: 0.5072 (threshold: 0.6374),632.8122999984771,0.39109995122998953,2.3502999683842063,[],,,,,,,
Image_28442.jpg,calibration,GOOD,good,0.5574181365966797,0.6373954391479493,57.91242727279665,62.90890884399414,1,0.8,,,0,PASS,PASS,False,False,Score: 0.5574 (threshold: 0.6374),661.7895000381395,0.4116001073271036,2.239600056782365,[],,,,,,,
Image_28443.jpg,calibration,GOOD,good,0.5341495895385742,0.6373954391479493,57.91242727279665,62.90890884399414,1,0.8,,,0,PASS,PASS,False,False,Score: 0.5341 (threshold: 0.6374),639.0823000110686,0.38760004099458456,2.519400091841817,[],,,,,,,
Image_28464.jpg,calibration,GOOD,good,0.5223417663574219,0.6373954391479493,57.91242727279665,62.90890884399414,1,0.8,,,0,PASS,PASS,False,False,Score: 0.5223 (threshold: 0.6374),663.3770000189543,0.26620004791766405,2.2342000156641006,[],,,,,,,
Image_28483.jpg,calibration,GOOD,good,0.4632699966430664,0.6373954391479493,57.91242727279665,62.90890884399414,1,0.8,,,0,PASS,PASS,False,False,Score: 0.4633 (threshold: 0.6374),650.8834999985993,0.3599999472498894,2.1214999724179506,[],,,,,,,
Image_28492.jpg,calibration,GOOD,good,0.46746479034423827,0.6373954391479493,57.91242727279665,62.90890884399414,1,0.8,,,0,PASS,PASS,False,False,Score: 0.4675 (threshold: 0.6374),645.541499950923,0.2853999612852931,2.1655000746250153,[],,,,,,,
Image_28493.jpg,calibration,GOOD,good,0.4650107192993164,0.6373954391479493,57.91242727279665,62.90890884399414,1,0.8,,,0,PASS,PASS,False,False,Score: 0.4650 (threshold: 0.6374),676.8090999685228,0.33980002626776695,2.4172000121325254,[],,,,,,,
Image_28498.jpg,calibration,GOOD,good,0.4715028381347656,0.6373954391479493,57.91242727279665,62.90890884399414,1,0.8,,,0,PASS,PASS,False,False,Score: 0.4715 (threshold: 0.6374),662.0276999892667,0.3610999556258321,2.469399943947792,[],,,,,,,
Image_28501.jpg,calibration,GOOD,good,0.48570579528808594,0.6373954391479493,57.91242727279665,62.90890884399414,1,0.8,,,0,PASS,PASS,False,False,Score: 0.4857 (threshold: 0.6374),671.2744000833482,0.3616000758484006,2.48330004978925,[],,,,,,,
Image_25789_6ae45555__scratch.png,calibration,SYNTHETIC_DEFECT,scratch,0.6092351531982422,0.6373954391479493,57.91242727279665,62.90890884399414,1,0.8,,,0,PASS,PASS,False,False,Score: 0.6092 (threshold: 0.6374),669.8349999496713,0.24860003031790257,2.0488000009208918,[],0.0,0.0,0.0,0.0,0.0,0.0,58.900821685791016
Image_25789_6ae45555__spot.png,calibration,SYNTHETIC_DEFECT,spot,0.7076725006103516,0.6373954391479493,57.91242727279665,62.90890884399414,1,0.8,69.25804901123047,63.057823181152344,665,FAIL,FAIL,True,True,Score: 0.7077 (threshold: 0.6374),678.8640000158921,1.3333000242710114,2.3932999465614557,"[{""label"": 1, ""area"": 665, ""peak"": 69.25804901123047, ""mean"": 63.057823181152344, ""bbox"": [171, 232, 26, 33]}]",0.4020172910662824,0.7159090909090909,1.0,0.8526315789473684,0.4020172910662824,0.8170028818443804,69.33837890625
Image_25789_6ae45555__chip.png,calibration,SYNTHETIC_DEFECT,chip,0.7186804962158203,0.6373954391479493,57.91242727279665,62.90890884399414,1,0.8,70.7245101928711,63.95582962036133,2699,FAIL,FAIL,True,True,Score: 0.7187 (threshold: 0.6374),640.7048999099061,1.282599987462163,2.532099955715239,"[{""label"": 1, ""area"": 2699, ""peak"": 70.7245101928711, ""mean"": 63.95582962036133, ""bbox"": [444, 216, 45, 71]}]",0.4111508646392367,0.7479064395033208,1.0,0.9596146721007781,0.4111508646392367,0.7722122838401908,70.7607421875
Image_25789_6ae45555__pin_discoloration.png,calibration,SYNTHETIC_DEFECT,pin_discoloration,0.8225395965576172,0.6373954391479493,57.91242727279665,62.90890884399414,1,0.8,81.10325622558594,67.78964233398438,3550,FAIL,FAIL,True,True,Score: 0.8225 (threshold: 0.6374),653.5426999907941,1.2675999896600842,2.5188999716192484,"[{""label"": 1, ""area"": 3550, ""peak"": 81.10325622558594, ""mean"": 67.78964233398438, ""bbox"": [3, 127, 62, 66]}]",0.7339419628301271,0.6919060052219321,0.9426298157453936,0.7464788732394366,0.768259385665529,0.9044368600682594,81.1488037109375
Image_25793_8f3c7195__scratch.png,calibration,SYNTHETIC_DEFECT,scratch,0.6239330291748046,0.6373954391479493,57.91242727279665,62.90890884399414,1,0.8,,,0,PASS,PASS,False,False,Score: 0.6239 (threshold: 0.6374),676.327700028196,0.24540000595152378,1.9938000477850437,[],0.0,0.0,0.0,0.0,0.0,0.0,60.437198638916016
Image_25793_8f3c7195__spot.png,calibration,SYNTHETIC_DEFECT,spot,0.8075815582275391,0.6373954391479493,57.91242727279665,62.90890884399414,1,0.8,77.79216766357422,66.30138397216797,1297,FAIL,FAIL,True,True,Score: 0.8076 (threshold: 0.6374),647.6700999774039,1.4196999836713076,2.7457999531179667,"[{""label"": 1, ""area"": 1297, ""peak"": 77.79216766357422, ""mean"": 66.30138397216797, ""bbox"": [290, 298, 38, 44]}]",0.6586538461538461,0.456437933693138,0.6954314720812182,0.456437933693138,0.9256756756756757,1.0,77.90109252929688
Image_25793_8f3c7195__chip.png,calibration,SYNTHETIC_DEFECT,chip,0.6376916122436523,0.6373954391479493,57.91242727279665,62.90890884399414,1,0.8,,,0,FAIL,FAIL,False,False,Score: 0.6377 (threshold: 0.6374),669.0601999871433,0.2723999787122011,2.0631999941542745,[],0.0,0.0,0.0,0.0,0.0,0.0,62.45695114135742
Image_25793_8f3c7195__pin_discoloration.png,calibration,SYNTHETIC_DEFECT,pin_discoloration,0.7347328186035156,0.6373954391479493,57.91242727279665,62.90890884399414,1,0.8,71.35607147216797,63.64139175415039,1930,FAIL,FAIL,True,True,Score: 0.7347 (threshold: 0.6374),654.0310999844223,1.285900012589991,2.5083000073209405,"[{""label"": 1, ""area"": 1930, ""peak"": 71.35607147216797, ""mean"": 63.64139175415039, ""bbox"": [460, 43, 45, 51]}]",0.3033515731874145,0.6549607909989772,1.0,0.9953367875647668,0.3033515731874145,0.6569767441860465,71.41951751708984
Image_28362_5e6d9110__scratch.png,calibration,SYNTHETIC_DEFECT,scratch,0.6786052703857421,0.6373954391479493,57.91242727279665,62.90890884399414,1,0.8,66.36317443847656,62.07233810424805,1382,FAIL,FAIL,True,True,Score: 0.6786 (threshold: 0.6374),649.3353999685496,1.3186000287532806,2.589399926364422,"[{""label"": 1, ""area"": 1382, ""peak"": 66.36317443847656, ""mean"": 62.07233810424805, ""bbox"": [325, 85, 32, 59]}]",0.24511930585683298,0.3067123958843704,0.7757437070938215,0.45296671490593343,0.26381322957198444,0.48715953307392995,66.40751647949219
Image_28362_5e6d9110__spot.png,calibration,SYNTHETIC_DEFECT,spot,0.8089030456542968,0.6373954391479493,57.91242727279665,62.90890884399414,1,0.8,78.80119323730469,66.84195709228516,1968,FAIL,FAIL,True,True,Score: 0.8089 (threshold: 0.6374),655.0892000086606,1.4140000566840172,2.769599901512265,"[{""label"": 1, ""area"": 1968, ""peak"": 78.80119323730469, ""mean"": 66.84195709228516, ""bbox"": [245, 201, 43, 60]}]",0.5984293193717277,0.655006558810669,0.9247572815533981,0.7611788617886179,0.6290588882773803,0.8244358833241607,78.87500762939453
Image_28362_5e6d9110__chip.png,calibration,SYNTHETIC_DEFECT,chip,0.6987623596191406,0.6373954391479493,57.91242727279665,62.90890884399414,1,0.8,68.76055908203125,63.51897048950195,2965,FAIL,FAIL,True,True,Score: 0.6988 (threshold: 0.6374),653.5513000562787,1.208100002259016,2.3855998879298568,"[{""label"": 1, ""area"": 2965, ""peak"": 68.76055908203125, ""mean"": 63.51897048950195, ""bbox"": [27, 312, 46, 77]}]",0.4398092967818832,0.7167300380228137,1.0,0.8900505902192243,0.4398092967818832,0.7863528009535161,68.79132080078125
Image_28362_5e6d9110__pin_discoloration.png,calibration,SYNTHETIC_DEFECT,pin_discoloration,0.8290107727050782,0.6373954391479493,57.91242727279665,62.90890884399414,1,0.8,80.61955261230469,67.08370971679688,3349,FAIL,FAIL,True,True,Score: 0.8290 (threshold: 0.6374),677.6516999816522,1.2882000301033258,2.678399905562401,"[{""label"": 1, ""area"": 3349, ""peak"": 80.61955261230469, ""mean"": 67.08370971679688, ""bbox"": [448, 138, 60, 72]}]",0.6492953130121272,0.7011120151885001,0.939307728781413,0.7718722006569125,0.6777283612726651,0.8843653780362641,80.68659973144531
Image_28369_7598a9de__scratch.png,calibration,SYNTHETIC_DEFECT,scratch,0.6283523559570312,0.6373954391479493,57.91242727279665,62.90890884399414,1,0.8,,,0,PASS,PASS,False,False,Score: 0.6284 (threshold: 0.6374),618.1738999439403,0.2674000570550561,2.1026000613346696,[],0.0,0.0,0.0,0.0,0.0,0.0,61.960575103759766
Image_28369_7598a9de__spot.png,calibration,SYNTHETIC_DEFECT,spot,0.8084022521972656,0.6373954391479493,57.91242727279665,62.90890884399414,1,0.8,78.33869171142578,67.14665222167969,1457,FAIL,FAIL,True,True,Score: 0.8084 (threshold: 0.6374),682.4569000164047,1.187400077469647,2.6048000436276197,"[{""label"": 1, ""area"": 1457, ""peak"": 78.33869171142578, ""mean"": 67.14665222167969, ""bbox"": [254, 275, 37, 49]}]",0.7692307692307693,0.7201365187713311,0.9157127991675338,0.7240905971173645,0.8278457196613358,0.9924741298212606,78.42058563232422
Image_28369_7598a9de__chip.png,calibration,SYNTHETIC_DEFECT,chip,0.736827621459961,0.6373954391479493,57.91242727279665,62.90890884399414,1,0.8,72.1006088256836,65.03469848632812,3689,FAIL,FAIL,True,True,Score: 0.7368 (threshold: 0.6374),611.4050999749452,1.2987999944016337,2.7393000200390816,"[{""label"": 1, ""area"": 3689, ""peak"": 72.1006088256836, ""mean"": 65.03469848632812, ""bbox"": [468, 247, 44, 103]}]",0.6701244813278008,0.6895268474215842,0.8959778085991679,0.703171591217132,0.7266591676040495,0.9726284214473191,72.15068054199219
Image_28369_7598a9de__pin_discoloration.png,calibration,SYNTHETIC_DEFECT,pin_discoloration,0.6809189605712891,0.6373954391479493,57.91242727279665,62.90890884399414,1,0.8,64.48822021484375,60.57737350463867,965,FAIL,FAIL,True,True,Score: 0.6809 (threshold: 0.6374),616.2883000215515,1.2151999399065971,2.3979999823495746,"[{""label"": 1, ""area"": 965, ""peak"": 64.48822021484375, ""mean"": 60.57737350463867, ""bbox"": [232, 440, 22, 58]}]",0.01335676625659051,0.3391915641476274,1.0,1.0,0.01335676625659051,0.3391915641476274,64.59278106689453
Image_28373_a9aab16f__scratch.png,calibration,SYNTHETIC_DEFECT,scratch,0.6377024841308594,0.6373954391479493,57.91242727279665,62.90890884399414,1,0.8,,,0,FAIL,FAIL,False,False,Score: 0.6377 (threshold: 0.6374),641.2532000103965,0.3350999904796481,2.2809000220149755,[],0.0,0.0,0.0,0.0,0.0,0.0,62.53868103027344
Image_28373_a9aab16f__spot.png,calibration,SYNTHETIC_DEFECT,spot,0.793159408569336,0.6373954391479493,57.91242727279665,62.90890884399414,1,0.8,78.0537338256836,66.89177703857422,2015,FAIL,FAIL,True,True,Score: 0.7932 (threshold: 0.6374),632.3958999710158,1.1242000618949533,2.716299961321056,"[{""label"": 1, ""area"": 2015, ""peak"": 78.0537338256836, ""mean"": 66.89177703857422, ""bbox"": [211, 157, 45, 58]}]",0.6976744186046512,0.6904532304725168,0.8885424785658612,0.7106699751861042,0.7645875251509054,0.960429242119383,78.1100845336914
Image_28373_a9aab16f__chip.png,calibration,SYNTHETIC_DEFECT,chip,0.7802775573730468,0.6373954391479493,57.91242727279665,62.90890884399414,1,0.8,75.93013000488281,66.93724060058594,4106,FAIL,FAIL,True,True,Score: 0.7803 (threshold: 0.6374),636.3966000499204,1.1873000767081976,2.3757999297231436,"[{""label"": 1, ""area"": 4106, ""peak"": 75.93013000488281, ""mean"": 66.93724060058594, ""bbox"": [5, 220, 50, 99]}]",0.6182165257703846,0.589901207464325,0.8102215868477484,0.6544081831466148,0.7228954081632653,0.8568239795918368,75.99140167236328
Image_28373_a9aab16f__pin_discoloration.png,calibration,SYNTHETIC_DEFECT,pin_discoloration,0.6411264038085938,0.6373954391479493,57.91242727279665,62.90890884399414,1,0.8,63.32059097290039,60.66492462158203,1071,FAIL,FAIL,False,True,Score: 0.6411 (threshold: 0.6374),611.4981999853626,0.2579999854788184,2.291899989359081,"[{""label"": 1, ""area"": 1071, ""peak"": 63.32059097290039, ""mean"": 60.66492462158203, ""bbox"": [171, 441, 24, 61]}]",0.0,0.36615384615384616,0.0,1.0,0.0,0.36615384615384616,63.35596466064453
Image_28377_214c066b__scratch.png,calibration,SYNTHETIC_DEFECT,scratch,0.5929082489013672,0.6373954391479493,57.91242727279665,62.90890884399414,1,0.8,,,0,PASS,PASS,False,False,Score: 0.5929 (threshold: 0.6374),720.091599971056,0.2733999863266945,2.219200017862022,[],0.0,0.0,0.0,0.0,0.0,0.0,57.799991607666016
Image_28377_214c066b__spot.png,calibration,SYNTHETIC_DEFECT,spot,0.8356720733642579,0.6373954391479493,57.91242727279665,62.90890884399414,1,0.8,81.21607971191406,68.25495147705078,2400,FAIL,FAIL,True,True,Score: 0.8357 (threshold: 0.6374),632.6379999518394,1.475699944421649,2.6999000692740083,"[{""label"": 1, ""area"": 2400, ""peak"": 81.21607971191406, ""mean"": 68.25495147705078, ""bbox"": [151, 250, 46, 68]}]",0.7397196261682243,0.7572435395458105,0.9681957186544342,0.8058333333333333,0.7581417624521073,0.9262452107279694,81.29148864746094
Image_28377_214c066b__chip.png,calibration,SYNTHETIC_DEFECT,chip,0.7457263946533204,0.6373954391479493,57.91242727279665,62.90890884399414,1,0.8,73.48822784423828,64.9415283203125,3406,FAIL,FAIL,True,True,Score: 0.7457 (threshold: 0.6374),642.9881999501958,1.471000025048852,2.8420999879017472,"[{""label"": 1, ""area"": 3406, ""peak"": 73.48822784423828, ""mean"": 64.9415283203125, ""bbox"": [466, 295, 46, 92]}]",0.5953582240161454,0.6944140197152245,0.9026007139214687,0.7445684086905461,0.6362329259525521,0.9115744069015097,73.5265884399414
Image_28377_214c066b__pin_discoloration.png,calibration,SYNTHETIC_DEFECT,pin_discoloration,0.6376578521728515,0.6373954391479493,57.91242727279665,62.90890884399414,1,0.8,,,0,FAIL,FAIL,False,False,Score: 0.6377 (threshold: 0.6374),632.9804999986663,0.4389999667182565,2.156800008378923,[],0.0,0.0,0.0,0.0,0.0,0.0,61.86331558227539
Image_28405_a626cb72__scratch.png,calibration,SYNTHETIC_DEFECT,scratch,0.4664562225341797,0.6373954391479493,57.91242727279665,62.90890884399414,1,0.8,,,0,PASS,PASS,False,False,Score: 0.4665 (threshold: 0.6374),616.2148000439629,0.2432001056149602,2.557500032708049,[],0.0,0.0,0.0,0.0,0.0,0.0,40.897403717041016
Image_28405_a626cb72__spot.png,calibration,SYNTHETIC_DEFECT,spot,0.7554130554199219,0.6373954391479493,57.91242727279665,62.90890884399414,1,0.8,74.19628143310547,66.07242584228516,2845,FAIL,FAIL,True,True,Score: 0.7554 (threshold: 0.6374),660.9465000219643,1.7080999678000808,3.3324999967589974,"[{""label"": 1, ""area"": 2845, ""peak"": 74.19628143310547, ""mean"": 66.07242584228516, ""bbox"": [169, 280, 46, 78]}]",0.5350089766606823,0.8272297696396929,1.0,0.9845342706502637,0.5350089766606823,0.8381208856971873,74.23709869384766
Image_28405_a626cb72__chip.png,calibration,SYNTHETIC_DEFECT,chip,0.6399343872070312,0.6373954391479493,57.91242727279665,62.90890884399414,1,0.8,,,0,FAIL,FAIL,False,False,Score: 0.6399 (threshold: 0.6374),646.1335000349209,0.4564999835565686,2.8516999445855618,[],0.0,0.0,0.0,0.0,0.0,0.0,62.53945541381836
Image_28405_a626cb72__pin_discoloration.png,calibration,SYNTHETIC_DEFECT,pin_discoloration,0.6734123992919921,0.6373954391479493,57.91242727279665,62.90890884399414,1,0.8,65.56129455566406,61.644309997558594,1421,FAIL,FAIL,True,True,Score: 0.6734 (threshold: 0.6374),609.6883000573143,1.9509000703692436,3.2725000055506825,"[{""label"": 1, ""area"": 1421, ""peak"": 65.56129455566406, ""mean"": 61.644309997558594, ""bbox"": [171, 439, 30, 66]}]",0.10040983606557377,0.4853142076502732,1.0,1.0,0.10040983606557377,0.4853142076502732,65.61585235595703
Image_28409_05e7fd60__scratch.png,calibration,SYNTHETIC_DEFECT,scratch,0.7254502868652344,0.6373954391479493,57.91242727279665,62.90890884399414,1,0.8,69.7584457397461,63.842899322509766,3161,FAIL,FAIL,True,True,Score: 0.7255 (threshold: 0.6374),692.5239000702277,1.4148999471217394,3.415500046685338,"[{""label"": 1, ""area"": 3161, ""peak"": 69.7584457397461, ""mean"": 63.842899322509766, ""bbox"": [356, 144, 88, 75]}]",0.6805324459234608,0.408717624763108,0.708838821490468,0.40936412527681115,0.9445727482678984,0.9961508852963818,69.8402328491211
Image_28409_05e7fd60__spot.png,calibration,SYNTHETIC_DEFECT,spot,0.7452445220947266,0.6373954391479493,57.91242727279665,62.90890884399414,1,0.8,72.03617858886719,64.08829498291016,1080,FAIL,FAIL,True,True,Score: 0.7452 (threshold: 0.6374),621.8942999839783,1.941499998793006,3.1450000824406743,"[{""label"": 1, ""area"": 1080, ""peak"": 72.03617858886719, ""mean"": 64.08829498291016, ""bbox"": [296, 256, 31, 45]}]",0.451802179379715,0.7364400305576776,1.0,0.8925925925925926,0.451802179379715,0.8080469404861693,72.11956787109375
Image_28409_05e7fd60__chip.png,calibration,SYNTHETIC_DEFECT,chip,0.7633071899414062,0.6373954391479493,57.91242727279665,62.90890884399414,1,0.8,74.29934692382812,66.16374206542969,3947,FAIL,FAIL,True,True,Score: 0.7633 (threshold: 0.6374),635.5493000010028,1.536599942483008,5.092000006698072,"[{""label"": 1, ""area"": 3947, ""peak"": 74.29934692382812, ""mean"": 66.16374206542969, ""bbox"": [457, 210, 48, 96]}]",0.6712676056338028,0.7046680741262022,0.9119785686949866,0.761084367874335,0.7177710843373494,0.9048192771084337,74.35838317871094
Image_28409_05e7fd60__pin_discoloration.png,calibration,SYNTHETIC_DEFECT,pin_discoloration,0.7617797088623047,0.6373954391479493,57.91242727279665,62.90890884399414,1,0.8,74.31959533691406,65.20403289794922,1925,FAIL,FAIL,True,True,Score: 0.7618 (threshold: 0.6374),613.2856999756768,2.747999969869852,4.304799949750304,"[{""label"": 1, ""area"": 1925, ""peak"": 74.31959533691406, ""mean"": 65.20403289794922, ""bbox"": [459, 18, 47, 50]}]",0.37311901504787964,0.6050976497848395,1.0,0.9496103896103896,0.37311901504787964,0.625170998632011,74.37550354003906
Image_28411_e4618dbb__scratch.png,calibration,SYNTHETIC_DEFECT,scratch,0.6318768310546875,0.6373954391479493,57.91242727279665,62.90890884399414,1,0.8,,,0,PASS,PASS,False,False,Score: 0.6319 (threshold: 0.6374),635.8195999637246,0.26709993835538626,4.077499965205789,[],0.0,0.0,0.0,0.0,0.0,0.0,62.28229522705078
Image_28411_e4618dbb__spot.png,calibration,SYNTHETIC_DEFECT,spot,0.8261803436279297,0.6373954391479493,57.91242727279665,62.90890884399414,1,0.8,80.78955841064453,68.50369262695312,2599,FAIL,FAIL,True,True,Score: 0.8262 (threshold: 0.6374),628.2367000821978,2.323599997907877,4.61069995071739,"[{""label"": 1, ""area"": 2599, ""peak"": 80.78955841064453, ""mean"": 68.50369262695312, ""bbox"": [246, 176, 50, 68]}]",0.7087967644084934,0.605232781839169,0.7758716104039846,0.605232781839169,0.891290527654164,1.0,80.84838104248047
Image_28411_e4618dbb__chip.png,calibration,SYNTHETIC_DEFECT,chip,0.6708311462402343,0.6373954391479493,57.91242727279665,62.90890884399414,1,0.8,66.21514129638672,61.73387908935547,1590,FAIL,FAIL,True,True,Score: 0.6708 (threshold: 0.6374),647.8213999653235,4.188999999314547,5.677700042724609,"[{""label"": 1, ""area"": 1590, ""peak"": 66.21514129638672, ""mean"": 61.73387908935547, ""bbox"": [31, 337, 36, 57]}]",0.11502559470039145,0.4787714543812105,1.0,1.0,0.11502559470039145,0.4787714543812105,66.24850463867188
Image_28411_e4618dbb__pin_discoloration.png,calibration,SYNTHETIC_DEFECT,pin_discoloration,0.67477294921875,0.6373954391479493,57.91242727279665,62.90890884399414,1,0.8,66.58660888671875,62.17201232910156,1481,FAIL,FAIL,True,True,Score: 0.6748 (threshold: 0.6374),634.8009000066668,2.707399893552065,5.117699969559908,"[{""label"": 1, ""area"": 1481, ""peak"": 66.58660888671875, ""mean"": 62.17201232910156, ""bbox"": [82, 440, 31, 62]}]",0.1637047163362953,0.49440488301119023,1.0,0.9844699527346388,0.1637047163362953,0.49829118250170884,66.62752532958984
Image_28416_59beaa3a__scratch.png,calibration,SYNTHETIC_DEFECT,scratch,0.6635255432128906,0.6373954391479493,57.91242727279665,62.90890884399414,1,0.8,64.3541259765625,61.10187530517578,1204,FAIL,FAIL,True,True,Score: 0.6635 (threshold: 0.6374),669.989199959673,2.6331000262871385,4.3515999568626285,"[{""label"": 1, ""area"": 1204, ""peak"": 64.3541259765625, ""mean"": 61.10187530517578, ""bbox"": [150, 196, 49, 44]}]",0.0691609977324263,0.582701062215478,1.0,0.6378737541528239,0.0691609977324263,0.8707482993197279,64.41480255126953
Image_28416_59beaa3a__spot.png,calibration,SYNTHETIC_DEFECT,spot,0.7861212921142579,0.6373954391479493,57.91242727279665,62.90890884399414,1,0.8,75.90681457519531,65.87010955810547,1596,FAIL,FAIL,True,True,Score: 0.7861 (threshold: 0.6374),643.3608999941498,2.3629000643268228,5.041099968366325,"[{""label"": 1, ""area"": 1596, ""peak"": 75.90681457519531, ""mean"": 65.87010955810547, ""bbox"": [169, 341, 40, 52]}]",0.6700804681784931,0.7572115384615384,0.9591623036649215,0.7894736842105263,0.6897590361445783,0.9487951807228916,75.99363708496094
Image_28416_59beaa3a__chip.png,calibration,SYNTHETIC_DEFECT,chip,0.7154519653320313,0.6373954391479493,57.91242727279665,62.90890884399414,1,0.8,70.58370208740234,64.43733978271484,3060,FAIL,FAIL,True,True,Score: 0.7155 (threshold: 0.6374),632.4690000619739,3.1714000506326556,5.847099935635924,"[{""label"": 1, ""area"": 3060, ""peak"": 70.58370208740234, ""mean"": 64.43733978271484, ""bbox"": [22, 203, 44, 84]}]",0.47890602269421007,0.5741792150086399,0.9320498301245753,0.7601307189542483,0.4962315345191438,0.7012360566777208,70.61097717285156
Image_28416_59beaa3a__pin_discoloration.png,calibration,SYNTHETIC_DEFECT,pin_discoloration,0.6705775451660156,0.6373954391479493,57.91242727279665,62.90890884399414,1,0.8,64.55538177490234,61.14452362060547,1146,FAIL,FAIL,True,True,Score: 0.6706 (threshold: 0.6374),623.3900999650359,2.098000026308,4.584999987855554,"[{""label"": 1, ""area"": 1146, ""peak"": 64.55538177490234, ""mean"": 61.14452362060547, ""bbox"": [156, 439, 21, 63]}]",0.019145299145299145,0.39179487179487177,1.0,1.0,0.019145299145299145,0.39179487179487177,64.63341522216797
Image_28419_3422f0eb__scratch.png,calibration,SYNTHETIC_DEFECT,scratch,0.6371330261230469,0.6373954391479493,57.91242727279665,62.90890884399414,1,0.8,,,0,PASS,PASS,False,False,Score: 0.6371 (threshold: 0.6374),633.8761000661179,0.4208999453112483,8.115699980407953,[],0.0,0.0,0.0,0.0,0.0,0.0,60.41318893432617
Image_28419_3422f0eb__spot.png,calibration,SYNTHETIC_DEFECT,spot,0.7788418579101563,0.6373954391479493,57.91242727279665,62.90890884399414,1,0.8,75.59794616699219,65.263427734375,1587,FAIL,FAIL,True,True,Score: 0.7788 (threshold: 0.6374),644.2219000309706,3.2624000450596213,8.487400016747415,"[{""label"": 1, ""area"": 1587, ""peak"": 75.59794616699219, ""mean"": 65.263427734375, ""bbox"": [90, 341, 40, 53]}, {""label"": 3, ""area"": 987, ""peak"": 62.92304611206055, ""mean"": 60.04450607299805, ""bbox"": [50, 463, 38, 33]}]",0.6522064323111444,0.4883897982489532,0.9988545246277205,0.49844599844599846,0.6526946107784432,0.9603293413173652,75.68289947509766
Image_28419_3422f0eb__chip.png,calibration,SYNTHETIC_DEFECT,chip,0.7859880065917969,0.6373954391479493,57.91242727279665,62.90890884399414,1,0.8,77.14193725585938,63.901424407958984,8910,FAIL,FAIL,True,True,Score: 0.7860 (threshold: 0.6374),662.4397000996396,3.1772999791428447,6.814400083385408,"[{""label"": 1, ""area"": 8910, ""peak"": 77.14193725585938, ""mean"": 63.901424407958984, ""bbox"": [396, 335, 116, 161]}]",0.6813326551373347,0.3658129175946548,0.8227886977886978,0.3686868686868687,0.7985096870342772,0.9791356184798807,77.18073272705078
Image_28419_3422f0eb__pin_discoloration.png,calibration,SYNTHETIC_DEFECT,pin_discoloration,0.6976374053955078,0.6373954391479493,57.91242727279665,62.90890884399414,1,0.8,67.95974731445312,62.1058235168457,1937,FAIL,FAIL,True,True,Score: 0.6976 (threshold: 0.6374),643.7806999310851,5.365299992263317,8.25969991274178,"[{""label"": 1, ""area"": 1937, ""peak"": 67.95974731445312, ""mean"": 62.1058235168457, ""bbox"": [254, 428, 32, 73]}]",0.19542193372053296,0.6600682593856655,1.0,0.9984512132163139,0.19542193372053296,0.6607447898872566,68.02045440673828
Image_28427_dacce418__scratch.png,calibration,SYNTHETIC_DEFECT,scratch,0.6942072296142578,0.6373954391479493,57.91242727279665,62.90890884399414,1,0.8,66.53691101074219,61.51976013183594,2856,FAIL,FAIL,True,True,Score: 0.6942 (threshold: 0.6374),671.020400011912,4.5065999729558825,8.334800018928945,"[{""label"": 1, ""area"": 2856, ""peak"": 66.53691101074219, ""mean"": 61.51976013183594, ""bbox"": [122, 112, 110, 45]}]",0.18399044205495818,0.5774598743893928,0.9716088328075709,0.5794817927170869,0.18498498498498497,0.993993993993994,66.62030029296875
Image_28427_dacce418__spot.png,calibration,SYNTHETIC_DEFECT,spot,0.8388624572753907,0.6373954391479493,57.91242727279665,62.90890884399414,1,0.8,80.69107055664062,67.39520263671875,1868,FAIL,FAIL,True,True,Score: 0.8389 (threshold: 0.6374),662.7758999820799,2.976400079205632,6.9787000538781285,"[{""label"": 1, ""area"": 1868, ""peak"": 80.69107055664062, ""mean"": 67.39520263671875, ""bbox"": [359, 162, 43, 56]}]",0.6289782244556114,0.40203426124197,0.6289782244556114,0.40203426124197,1.0,1.0,80.78832244873047
Image_28427_dacce418__chip.png,calibration,SYNTHETIC_DEFECT,chip,0.6956546783447266,0.6373954391479493,57.91242727279665,62.90890884399414,1,0.8,67.76361846923828,62.48171615600586,2145,FAIL,FAIL,True,True,Score: 0.6957 (threshold: 0.6374),663.7858999893069,5.346800084225833,10.36670000758022,"[{""label"": 1, ""area"": 2145, ""peak"": 67.76361846923828, ""mean"": 62.48171615600586, ""bbox"": [10, 246, 37, 75]}]",0.24843554443053817,0.6243917274939172,1.0,0.9571095571095571,0.24843554443053817,0.6423654568210263,67.81818389892578
Image_28427_dacce418__pin_discoloration.png,calibration,SYNTHETIC_DEFECT,pin_discoloration,0.6922329711914063,0.6373954391479493,57.91242727279665,62.90890884399414,1,0.8,67.53067779541016,62.66327667236328,1703,FAIL,FAIL,True,True,Score: 0.6922 (threshold: 0.6374),628.1497000018135,4.413999966345727,8.720199926756322,"[{""label"": 1, ""area"": 1703, ""peak"": 67.53067779541016, ""mean"": 62.66327667236328, ""bbox"": [186, 434, 30, 68]}]",0.23539460198155107,0.5610249494268374,1.0,0.9770992366412213,0.23539460198155107,0.5685001708233687,67.59136199951172
Image_28433_77adf7f5__scratch.png,calibration,SYNTHETIC_DEFECT,scratch,0.5929806137084961,0.6373954391479493,57.91242727279665,62.90890884399414,1,0.8,,,0,PASS,PASS,False,False,Score: 0.5930 (threshold: 0.6374),662.4857999850065,0.33389998134225607,3.346499986946583,[],0.0,0.0,0.0,0.0,0.0,0.0,57.65889358520508
Image_28433_77adf7f5__spot.png,calibration,SYNTHETIC_DEFECT,spot,0.8628056335449219,0.6373954391479493,57.91242727279665,62.90890884399414,1,0.8,84.12309265136719,69.03755950927734,3418,FAIL,FAIL,True,True,Score: 0.8628 (threshold: 0.6374),682.6644000830129,3.581099910661578,6.732700043357909,"[{""label"": 1, ""area"": 3418, ""peak"": 84.12309265136719, ""mean"": 69.03755950927734, ""bbox"": [174, 355, 61, 75]}]",0.7955539358600583,0.7462860471890475,0.928936170212766,0.7495611468695144,0.8471090415211486,0.9941792782305006,84.1912612915039
Image_28433_77adf7f5__chip.png,calibration,SYNTHETIC_DEFECT,chip,0.7357411193847656,0.6373954391479493,57.91242727279665,62.90890884399414,1,0.8,72.3609390258789,64.44183349609375,2852,FAIL,FAIL,True,True,Score: 0.7357 (threshold: 0.6374),684.5974000170827,4.46249998640269,6.003099959343672,"[{""label"": 1, ""area"": 2852, ""peak"": 72.3609390258789, ""mean"": 64.44183349609375, ""bbox"": [37, 124, 47, 71]}]",0.4626280892103677,0.7528409090909091,1.0,0.9291725105189341,0.4626280892103677,0.7986738999397227,72.40418243408203
Image_28433_77adf7f5__pin_discoloration.png,calibration,SYNTHETIC_DEFECT,pin_discoloration,0.8886746978759765,0.6373954391479493,57.91242727279665,62.90890884399414,1,0.8,86.7162857055664,69.53787994384766,3633,FAIL,FAIL,True,True,Score: 0.8887 (threshold: 0.6374),664.4137999974191,5.638100090436637,9.524299995973706,"[{""label"": 1, ""area"": 3633, ""peak"": 86.7162857055664, ""mean"": 69.53787994384766, ""bbox"": [451, 226, 61, 72]}]",0.7206490614062997,0.7438991686779297,0.892434988179669,0.7635562895678503,0.789198606271777,0.9665505226480836,86.78803253173828
Image_28442_ea4b2a9b__scratch.png,calibration,SYNTHETIC_DEFECT,scratch,0.6702318572998047,0.6373954391479493,57.91242727279665,62.90890884399414,1,0.8,65.3895492553711,61.234962463378906,2000,FAIL,FAIL,True,True,Score: 0.6702 (threshold: 0.6374),614.2379000084475,5.876900046132505,12.894100043922663,"[{""label"": 1, ""area"": 2000, ""peak"": 65.3895492553711, ""mean"": 61.234962463378906, ""bbox"": [285, 341, 86, 37]}]",0.24438393464942137,0.5718169460806525,1.0,0.631,0.24438393464942137,0.8590878148400273,65.43693542480469
Image_28442_ea4b2a9b__spot.png,calibration,SYNTHETIC_DEFECT,spot,0.7735609436035156,0.6373954391479493,57.91242727279665,62.90890884399414,1,0.8,75.11163330078125,65.64141845703125,1836,FAIL,FAIL,True,True,Score: 0.7736 (threshold: 0.6374),632.2073000483215,8.597600040957332,12.154700001701713,"[{""label"": 1, ""area"": 1836, ""peak"": 75.11163330078125, ""mean"": 65.64141845703125, ""bbox"": [138, 303, 37, 64]}]",0.48043956043956043,0.7265854682906342,1.0,0.9422657952069716,0.48043956043956043,0.7604395604395604,75.18619537353516
Image_28442_ea4b2a9b__chip.png,calibration,SYNTHETIC_DEFECT,chip,0.572124900817871,0.6373954391479493,57.91242727279665,62.90890884399414,1,0.8,,,0,PASS,PASS,False,False,Score: 0.5721 (threshold: 0.6374),656.2940999865532,0.36289996933192015,3.1864000484347343,[],0.0,0.0,0.0,0.0,0.0,0.0,56.36786651611328
Image_28442_ea4b2a9b__pin_discoloration.png,calibration,SYNTHETIC_DEFECT,pin_discoloration,0.6910267639160156,0.6373954391479493,57.91242727279665,62.90890884399414,1,0.8,68.24263763427734,62.3267822265625,2534,FAIL,FAIL,True,True,Score: 0.6910 (threshold: 0.6374),680.6854999158531,2.0873999455943704,3.972899983637035,"[{""label"": 1, ""area"": 2534, ""peak"": 68.24263763427734, ""mean"": 62.3267822265625, ""bbox"": [99, 431, 43, 72]}]",0.2910958904109589,0.6885448916408669,1.0,0.877663772691397,0.2910958904109589,0.7616438356164383,68.28186798095703
Image_28443_d2ba1baa__scratch.png,calibration,SYNTHETIC_DEFECT,scratch,0.6249646377563477,0.6373954391479493,57.91242727279665,62.90890884399414,1,0.8,,,0,PASS,PASS,False,False,Score: 0.6250 (threshold: 0.6374),637.0945000089705,0.34579995553940535,5.336000001989305,[],0.0,0.0,0.0,0.0,0.0,0.0,61.75967025756836
Image_28443_d2ba1baa__spot.png,calibration,SYNTHETIC_DEFECT,spot,0.7871355438232421,0.6373954391479493,57.91242727279665,62.90890884399414,1,0.8,77.58368682861328,66.89965057373047,2596,FAIL,FAIL,True,True,Score: 0.7871 (threshold: 0.6374),708.8873999891803,5.48629998229444,8.13540001399815,"[{""label"": 1, ""area"": 2596, ""peak"": 77.58368682861328, ""mean"": 66.89965057373047, ""bbox"": [172, 250, 46, 75]}]",0.6270614692653673,0.8015058179329226,1.0,0.9021571648690293,0.6270614692653673,0.8778110944527736,77.62964630126953
Image_28443_d2ba1baa__chip.png,calibration,SYNTHETIC_DEFECT,chip,0.7199452209472657,0.6373954391479493,57.91242727279665,62.90890884399414,1,0.8,70.54911804199219,63.57915496826172,2606,FAIL,FAIL,True,True,Score: 0.7199 (threshold: 0.6374),667.0799000421539,5.586700048297644,7.695899927057326,"[{""label"": 1, ""area"": 2606, ""peak"": 70.54911804199219, ""mean"": 63.57915496826172, ""bbox"": [26, 161, 42, 70]}]",0.36275986742994876,0.7016082711085583,1.0,0.9374520337682272,0.36275986742994876,0.7360650798433263,70.59080505371094
Image_28443_d2ba1baa__pin_discoloration.png,calibration,SYNTHETIC_DEFECT,pin_discoloration,0.8471344757080078,0.6373954391479493,57.91242727279665,62.90890884399414,1,0.8,82.55471801757812,68.42597198486328,3464,FAIL,FAIL,True,True,Score: 0.8471 (threshold: 0.6374),637.595699983649,4.747699946165085,5.198600003495812,"[{""label"": 1, ""area"": 3464, ""peak"": 82.55471801757812, ""mean"": 68.42597198486328, ""bbox"": [0, 225, 65, 66]}]",0.7342225113858165,0.7313836988897915,0.9400249895876718,0.7797344110854504,0.7703071672354949,0.9218430034129693,82.62178802490234
Image_28464_2c40e4ca__scratch.png,calibration,SYNTHETIC_DEFECT,scratch,0.5523519134521484,0.6373954391479493,57.91242727279665,62.90890884399414,1,0.8,,,0,PASS,PASS,False,False,Score: 0.5524 (threshold: 0.6374),697.64419994317,0.4702000878751278,4.7874998999759555,[],0.0,0.0,0.0,0.0,0.0,0.0,53.998985290527344
Image_28464_2c40e4ca__spot.png,calibration,SYNTHETIC_DEFECT,spot,0.7173561096191406,0.6373954391479493,57.91242727279665,62.90890884399414,1,0.8,68.7955322265625,62.75172424316406,822,FAIL,FAIL,True,True,Score: 0.7174 (threshold: 0.6374),693.8670999370515,3.1440999591723084,5.63589995726943,"[{""label"": 1, ""area"": 822, ""peak"": 68.7955322265625, ""mean"": 62.75172424316406, ""bbox"": [190, 187, 28, 38]}]",0.1903323262839879,0.49667673716012084,1.0,1.0,0.1903323262839879,0.49667673716012084,68.88790130615234
Image_28464_2c40e4ca__chip.png,calibration,SYNTHETIC_DEFECT,chip,0.7020114135742187,0.6373954391479493,57.91242727279665,62.90890884399414,1,0.8,67.68160247802734,61.872798919677734,1561,FAIL,FAIL,True,True,Score: 0.7020 (threshold: 0.6374),663.2617999566719,4.0080000180751085,10.758999967947602,"[{""label"": 1, ""area"": 1561, ""peak"": 67.68160247802734, ""mean"": 61.872798919677734, ""bbox"": [434, 108, 35, 54]}]",0.12723480333730633,0.46513706793802145,1.0,1.0,0.12723480333730633,0.46513706793802145,67.75658416748047
Image_28464_2c40e4ca__pin_discoloration.png,calibration,SYNTHETIC_DEFECT,pin_discoloration,0.710212631225586,0.6373954391479493,57.91242727279665,62.90890884399414,1,0.8,69.32649230957031,62.74879455566406,1418,FAIL,FAIL,True,True,Score: 0.7102 (threshold: 0.6374),660.5345999123529,5.342599935829639,9.25570004619658,"[{""label"": 1, ""area"": 1418, ""peak"": 69.32649230957031, ""mean"": 62.74879455566406, ""bbox"": [12, 10, 47, 39]}]",0.18560218355510064,0.48379392698737633,1.0,1.0,0.18560218355510064,0.48379392698737633,69.38811492919922
Image_28483_5808f650__scratch.png,calibration,SYNTHETIC_DEFECT,scratch,0.5646157836914063,0.6373954391479493,57.91242727279665,62.90890884399414,1,0.8,,,0,PASS,PASS,False,False,Score: 0.5646 (threshold: 0.6374),651.0834000073373,0.5281999474391341,5.76500000897795,[],0.0,0.0,0.0,0.0,0.0,0.0,55.628753662109375
Image_28483_5808f650__spot.png,calibration,SYNTHETIC_DEFECT,spot,0.8122509765625,0.6373954391479493,57.91242727279665,62.90890884399414,1,0.8,78.80860137939453,67.07148742675781,2069,FAIL,FAIL,True,True,Score: 0.8123 (threshold: 0.6374),706.0237000696361,3.2825999660417438,5.568999913521111,"[{""label"": 1, ""area"": 2069, ""peak"": 78.80860137939453, ""mean"": 67.07148742675781, ""bbox"": [246, 224, 45, 60]}]",0.6928879310344828,0.7998146431881371,0.9691032403918614,0.834219429676172,0.7085399449035813,0.9509641873278237,78.8841552734375
Image_28483_5808f650__chip.png,calibration,SYNTHETIC_DEFECT,chip,0.7701350402832031,0.6373954391479493,57.91242727279665,62.90890884399414,1,0.8,75.60940551757812,65.91612243652344,3979,FAIL,FAIL,True,True,Score: 0.7701 (threshold: 0.6374),683.6941000074148,5.628599901683629,9.57280001603067,"[{""label"": 1, ""area"": 3979, ""peak"": 75.60940551757812, ""mean"": 65.91612243652344, ""bbox"": [442, 134, 53, 87]}]",0.7232461355529132,0.8127638440526447,0.9826332794830371,0.8225684845438552,0.7326106594399278,0.985546522131888,75.65681457519531
Image_28483_5808f650__pin_discoloration.png,calibration,SYNTHETIC_DEFECT,pin_discoloration,0.7468185424804688,0.6373954391479493,57.91242727279665,62.90890884399414,1,0.8,73.85059356689453,64.86776733398438,2210,FAIL,FAIL,True,True,Score: 0.7468 (threshold: 0.6374),698.0585999554023,5.613999906927347,9.572300012223423,"[{""label"": 1, ""area"": 2210, ""peak"": 73.85059356689453, ""mean"": 64.86776733398438, ""bbox"": [453, 49, 53, 53]}]",0.40937072503419975,0.6257124762507916,1.0,0.8941176470588236,0.40937072503419975,0.6757865937072504,73.89446258544922
Image_28492_64cc1e24__scratch.png,calibration,SYNTHETIC_DEFECT,scratch,0.5747947692871094,0.6373954391479493,57.91242727279665,62.90890884399414,1,0.8,,,0,PASS,PASS,False,False,Score: 0.5748 (threshold: 0.6374),712.5931000337005,0.856999889947474,8.867700002156198,[],0.0,0.0,0.0,0.0,0.0,0.0,56.054603576660156
Image_28492_64cc1e24__spot.png,calibration,SYNTHETIC_DEFECT,spot,0.7718626403808594,0.6373954391479493,57.91242727279665,62.90890884399414,1,0.8,75.66851806640625,65.89156341552734,1895,FAIL,FAIL,True,True,Score: 0.7719 (threshold: 0.6374),698.82679998409,4.561400040984154,8.559300098568201,"[{""label"": 1, ""area"": 1895, ""peak"": 75.66851806640625, ""mean"": 65.89156341552734, ""bbox"": [124, 152, 42, 58]}]",0.6472269868496283,0.776908023483366,0.9895104895104895,0.8379947229551451,0.6516983304548072,0.9142199194012666,75.72012329101562
Image_28492_64cc1e24__chip.png,calibration,SYNTHETIC_DEFECT,chip,0.6992494964599609,0.6373954391479493,57.91242727279665,62.90890884399414,1,0.8,69.48126220703125,63.46640396118164,2539,FAIL,FAIL,True,True,Score: 0.6992 (threshold: 0.6374),636.4897000603378,6.870000041089952,11.668599909171462,"[{""label"": 1, ""area"": 2539, ""peak"": 69.48126220703125, ""mean"": 63.46640396118164, ""bbox"": [35, 186, 42, 68]}]",0.3558965102286402,0.7638387484957883,1.0,1.0,0.3558965102286402,0.7638387484957883,69.50760650634766
Image_28492_64cc1e24__pin_discoloration.png,calibration,SYNTHETIC_DEFECT,pin_discoloration,0.6590379333496094,0.6373954391479493,57.91242727279665,62.90890884399414,1,0.8,64.2320556640625,60.985801696777344,1225,FAIL,FAIL,True,True,Score: 0.6590 (threshold: 0.6374),632.7584999380633,4.9355000955984,5.511100054718554,"[{""label"": 1, ""area"": 1225, ""peak"": 64.2320556640625, ""mean"": 60.985801696777344, ""bbox"": [211, 10, 24, 65]}]",0.018379850238257316,0.4169503063308373,1.0,1.0,0.018379850238257316,0.4169503063308373,64.28382110595703
Image_28493_e3ed86f0__scratch.png,calibration,SYNTHETIC_DEFECT,scratch,0.6024084091186523,0.6373954391479493,57.91242727279665,62.90890884399414,1,0.8,,,0,PASS,PASS,False,False,Score: 0.6024 (threshold: 0.6374),665.6568000325933,0.49349991604685783,7.443299982696772,[],0.0,0.0,0.0,0.0,0.0,0.0,59.47993087768555
Image_28493_e3ed86f0__spot.png,calibration,SYNTHETIC_DEFECT,spot,0.8705404663085937,0.6373954391479493,57.91242727279665,62.90890884399414,1,0.8,85.52928161621094,70.63490295410156,4619,FAIL,FAIL,True,True,Score: 0.8705 (threshold: 0.6374),634.2149999691173,5.628000013530254,7.610299973748624,"[{""label"": 1, ""area"": 4619, ""peak"": 85.52928161621094, ""mean"": 70.63490295410156, ""bbox"": [247, 87, 66, 90]}]",0.8193673695893452,0.6748213899112362,0.8584302325581395,0.6748213899112362,0.9473853063843439,1.0,85.57532501220703
Image_28493_e3ed86f0__chip.png,calibration,SYNTHETIC_DEFECT,chip,0.7697412872314453,0.6373954391479493,57.91242727279665,62.90890884399414,1,0.8,75.56170654296875,66.31639099121094,4016,FAIL,FAIL,True,True,Score: 0.7697 (threshold: 0.6374),700.8976999204606,2.3988999892026186,4.413899965584278,"[{""label"": 1, ""area"": 4016, ""peak"": 75.56170654296875, ""mean"": 66.31639099121094, ""bbox"": [18, 102, 58, 83]}]",0.7031650983746792,0.7193841847445767,0.9419404125286478,0.7679282868525896,0.7350223546944858,0.9192250372578241,75.60382843017578
Image_28493_e3ed86f0__pin_discoloration.png,calibration,SYNTHETIC_DEFECT,pin_discoloration,0.7233863067626953,0.6373954391479493,57.91242727279665,62.90890884399414,1,0.8,71.12091064453125,64.1801986694336,2422,FAIL,FAIL,True,True,Score: 0.7234 (threshold: 0.6374),659.8815999459475,4.717900068499148,8.344499976374209,"[{""label"": 1, ""area"": 2422, ""peak"": 71.12091064453125, ""mean"": 64.1801986694336, ""bbox"": [155, 436, 44, 73]}]",0.436986301369863,0.66729088639201,1.0,0.8827415359207267,0.436986301369863,0.7321917808219178,71.16071319580078
Image_28498_7444110a__scratch.png,calibration,SYNTHETIC_DEFECT,scratch,0.7446906280517578,0.6373954391479493,57.91242727279665,62.90890884399414,1,0.8,71.28975677490234,63.74689483642578,799,FAIL,FAIL,True,True,Score: 0.7447 (threshold: 0.6374),637.0339000131935,5.616400041617453,9.023700025863945,"[{""label"": 1, ""area"": 799, ""peak"": 71.28975677490234, ""mean"": 63.74689483642578, ""bbox"": [377, 237, 32, 33]}]",0.5870069605568445,0.38172715894868586,0.6675461741424802,0.38172715894868586,0.8295081967213115,1.0,71.3940658569336
Image_28498_7444110a__spot.png,calibration,SYNTHETIC_DEFECT,spot,0.8808818817138672,0.6373954391479493,57.91242727279665,62.90890884399414,1,0.8,86.85372924804688,71.00281524658203,3901,FAIL,FAIL,True,True,Score: 0.8809 (threshold: 0.6374),652.3915999568999,2.6200999272987247,6.1153999995440245,"[{""label"": 1, ""area"": 3901, ""peak"": 86.85372924804688, ""mean"": 71.00281524658203, ""bbox"": [263, 364, 66, 78]}]",0.8057926829268293,0.7541984732824427,0.9020477815699659,0.7598051781594463,0.8830604744403608,0.9903107250250585,86.9008560180664
Image_28498_7444110a__chip.png,calibration,SYNTHETIC_DEFECT,chip,0.7437055206298828,0.6373954391479493,57.91242727279665,62.90890884399414,1,0.8,73.24222564697266,65.23512268066406,3578,FAIL,FAIL,True,True,Score: 0.7437 (threshold: 0.6374),647.63630006928,2.1948000648990273,3.9278999902307987,"[{""label"": 1, ""area"": 3578, ""peak"": 73.24222564697266, ""mean"": 65.23512268066406, ""bbox"": [39, 287, 52, 78]}]",0.6469879518072289,0.8350625166267625,1.0,0.8773057574063723,0.6469879518072289,0.9454819277108434,73.27899932861328
Image_28498_7444110a__pin_discoloration.png,calibration,SYNTHETIC_DEFECT,pin_discoloration,0.6737444305419922,0.6373954391479493,57.91242727279665,62.90890884399414,1,0.8,65.28690338134766,61.60346603393555,1431,FAIL,FAIL,True,True,Score: 0.6737 (threshold: 0.6374),664.2222999362275,1.6392000252380967,3.45810002181679,"[{""label"": 1, ""area"": 1431, ""peak"": 65.28690338134766, ""mean"": 61.60346603393555, ""bbox"": [95, 11, 28, 64]}]",0.10248552945182159,0.4756756756756757,1.0,0.983927323549965,0.10248552945182159,0.4794007490636704,65.34857940673828
Image_28501_cd2cf320__scratch.png,calibration,SYNTHETIC_DEFECT,scratch,0.5629318618774414,0.6373954391479493,57.91242727279665,62.90890884399414,1,0.8,,,0,PASS,PASS,False,False,Score: 0.5629 (threshold: 0.6374),677.5427999673411,0.2761000068858266,3.5217999247834086,[],0.0,0.0,0.0,0.0,0.0,0.0,54.55961990356445
Image_28501_cd2cf320__spot.png,calibration,SYNTHETIC_DEFECT,spot,0.7601637268066406,0.6373954391479493,57.91242727279665,62.90890884399414,1,0.8,73.32070922851562,64.53243255615234,1006,FAIL,FAIL,True,True,Score: 0.7602 (threshold: 0.6374),651.3221000786871,2.590899937786162,5.308800027705729,"[{""label"": 1, ""area"": 1006, ""peak"": 73.32070922851562, ""mean"": 64.53243255615234, ""bbox"": [363, 294, 34, 39]}]",0.5354141656662665,0.5877034358047016,0.8431001890359168,0.6461232604373758,0.5946666666666667,0.8666666666666667,73.4161605834961
Image_28501_cd2cf320__chip.png,calibration,SYNTHETIC_DEFECT,chip,0.6724335479736329,0.6373954391479493,57.91242727279665,62.90890884399414,1,0.8,65.94933319091797,60.863643646240234,1257,FAIL,FAIL,True,True,Score: 0.6724 (threshold: 0.6374),651.8436999758705,3.4172999439761043,6.0909000458195806,"[{""label"": 1, ""area"": 1257, ""peak"": 65.94933319091797, ""mean"": 60.863643646240234, ""bbox"": [479, 308, 28, 64]}]",0.09341637010676157,0.5192891200693541,1.0,0.9530628480509149,0.09341637010676157,0.5329181494661922,65.99822235107422
Image_28501_cd2cf320__pin_discoloration.png,calibration,SYNTHETIC_DEFECT,pin_discoloration,0.6567850494384766,0.6373954391479493,57.91242727279665,62.90890884399414,1,0.8,63.68363571166992,60.9521369934082,1405,FAIL,FAIL,True,True,Score: 0.6568 (threshold: 0.6374),728.722200030461,3.8647999754175544,6.422000005841255,"[{""label"": 1, ""area"": 1405, ""peak"": 63.68363571166992, ""mean"": 60.9521369934082, ""bbox"": [14, 10, 26, 69]}]",0.0003403675970047651,0.47270261105459477,1.0,0.9921708185053381,0.0003403675970047651,0.47447243022464264,63.74507141113281
Image_25792.jpg,test,GOOD,good,0.48609588623046873,0.6373954391479493,57.91242727279665,62.90890884399414,1,0.8,,,0,PASS,PASS,False,False,Score: 0.4861 (threshold: 0.6374),721.6076999902725,0.332699972204864,2.9820000054314733,[],,,,,,,
Image_25796.jpg,test,GOOD,good,0.5087635803222657,0.6373954391479493,57.91242727279665,62.90890884399414,1,0.8,,,0,PASS,PASS,False,False,Score: 0.5088 (threshold: 0.6374),707.4144999496639,0.23959996178746223,2.469400060363114,[],,,,,,,
Image_28363.jpg,test,GOOD,good,0.4942638397216797,0.6373954391479493,57.91242727279665,62.90890884399414,1,0.8,,,0,PASS,PASS,False,False,Score: 0.4943 (threshold: 0.6374),678.7504000822082,0.24189997930079699,2.321499981917441,[],,,,,,,
Image_28364.jpg,test,GOOD,good,0.48001239776611326,0.6373954391479493,57.91242727279665,62.90890884399414,1,0.8,,,0,PASS,PASS,False,False,Score: 0.4800 (threshold: 0.6374),679.3973000021651,0.246899900957942,2.5460999459028244,[],,,,,,,
Image_28368.jpg,test,GOOD,good,0.48880958557128906,0.6373954391479493,57.91242727279665,62.90890884399414,1,0.8,,,0,PASS,PASS,False,False,Score: 0.4888 (threshold: 0.6374),711.4395000971854,0.24010008201003075,2.3910999298095703,[],,,,,,,
Image_28375.jpg,test,GOOD,good,0.4728954315185547,0.6373954391479493,57.91242727279665,62.90890884399414,1,0.8,,,0,PASS,PASS,False,False,Score: 0.4729 (threshold: 0.6374),664.7888999432325,0.2509000478312373,3.07890004478395,[],,,,,,,
Image_28381.jpg,test,GOOD,good,0.5148308563232422,0.6373954391479493,57.91242727279665,62.90890884399414,1,0.8,,,0,PASS,PASS,False,False,Score: 0.5148 (threshold: 0.6374),664.5953999832273,0.24690001737326384,3.818499972112477,[],,,,,,,
Image_28401.jpg,test,GOOD,good,0.47665889739990236,0.6373954391479493,57.91242727279665,62.90890884399414,1,0.8,,,0,PASS,PASS,False,False,Score: 0.4767 (threshold: 0.6374),659.6983999479562,0.26329990942031145,4.268000018782914,[],,,,,,,
Image_28412.jpg,test,GOOD,good,0.4812427520751953,0.6373954391479493,57.91242727279665,62.90890884399414,1,0.8,,,0,PASS,PASS,False,False,Score: 0.4812 (threshold: 0.6374),619.2478000884876,0.6888998905196786,2.7748000575229526,[],,,,,,,
Image_28413.jpg,test,GOOD,good,0.5082333755493164,0.6373954391479493,57.91242727279665,62.90890884399414,1,0.8,,,0,PASS,PASS,False,False,Score: 0.5082 (threshold: 0.6374),634.5736000221223,0.25239994283765554,2.5064999936148524,[],,,,,,,
Image_28425.jpg,test,GOOD,good,0.5499477005004882,0.6373954391479493,57.91242727279665,62.90890884399414,1,0.8,,,0,PASS,PASS,False,False,Score: 0.5499 (threshold: 0.6374),670.0227999826893,0.25619997177273035,3.9992000674828887,[],,,,,,,
Image_28436.jpg,test,GOOD,good,0.5846337509155274,0.6373954391479493,57.91242727279665,62.90890884399414,1,0.8,,,0,PASS,PASS,False,False,Score: 0.5846 (threshold: 0.6374),699.6309999376535,0.741699943318963,3.520500031299889,[],,,,,,,
Image_28455.jpg,test,GOOD,good,0.5221602249145508,0.6373954391479493,57.91242727279665,62.90890884399414,1,0.8,,,0,PASS,PASS,False,False,Score: 0.5222 (threshold: 0.6374),669.1804999718443,0.2587999915704131,4.012200050055981,[],,,,,,,
Image_28456.jpg,test,GOOD,good,0.49781318664550783,0.6373954391479493,57.91242727279665,62.90890884399414,1,0.8,,,0,PASS,PASS,False,False,Score: 0.4978 (threshold: 0.6374),669.6810000576079,0.31599996145814657,3.72190005145967,[],,,,,,,
Image_28459.jpg,test,GOOD,good,0.5165578079223633,0.6373954391479493,57.91242727279665,62.90890884399414,1,0.8,,,0,PASS,PASS,False,False,Score: 0.5166 (threshold: 0.6374),677.9126999899745,0.28009992092847824,2.758899936452508,[],,,,,,,
Image_28467.jpg,test,GOOD,good,0.5376590728759766,0.6373954391479493,57.91242727279665,62.90890884399414,1,0.8,,,0,PASS,PASS,False,False,Score: 0.5377 (threshold: 0.6374),648.7962999381125,0.24820002727210522,3.360499977134168,[],,,,,,,
Image_28472.jpg,test,GOOD,good,0.470117073059082,0.6373954391479493,57.91242727279665,62.90890884399414,1,0.8,,,0,PASS,PASS,False,False,Score: 0.4701 (threshold: 0.6374),625.5714999279007,0.2579999854788184,3.2640999415889382,[],,,,,,,
Image_28478.jpg,test,GOOD,good,0.46470954895019534,0.6373954391479493,57.91242727279665,62.90890884399414,1,0.8,,,0,PASS,PASS,False,False,Score: 0.4647 (threshold: 0.6374),643.037399975583,0.255499966442585,3.0135000124573708,[],,,,,,,
Image_28481.jpg,test,GOOD,good,0.46674686431884765,0.6373954391479493,57.91242727279665,62.90890884399414,1,0.8,,,0,PASS,PASS,False,False,Score: 0.4667 (threshold: 0.6374),688.1454000249505,0.2726000966504216,3.7533999420702457,[],,,,,,,
Image_28507.jpg,test,GOOD,good,0.4758837890625,0.6373954391479493,57.91242727279665,62.90890884399414,1,0.8,,,0,PASS,PASS,False,False,Score: 0.4759 (threshold: 0.6374),691.4369000587612,0.31109992414712906,4.877300001680851,[],,,,,,,
Image_28509.jpg,test,GOOD,good,0.4902665328979492,0.6373954391479493,57.91242727279665,62.90890884399414,1,0.8,,,0,PASS,PASS,False,False,Score: 0.4903 (threshold: 0.6374),697.8084999136627,0.38519990630447865,6.959700025618076,[],,,,,,,
Image_25792_f9cfe4af__scratch.png,test,SYNTHETIC_DEFECT,scratch,0.6973728942871094,0.6373954391479493,57.91242727279665,62.90890884399414,1,0.8,68.04707336425781,62.999996185302734,1369,FAIL,FAIL,True,True,Score: 0.6974 (threshold: 0.6374),667.5863999407738,4.387900000438094,8.474199916236103,"[{""label"": 1, ""area"": 1369, ""peak"": 68.04707336425781, ""mean"": 62.999996185302734, ""bbox"": [119, 328, 35, 55]}]",0.5190184049079755,0.4367897727272727,0.7243150684931506,0.44923301680058436,0.6467889908256881,0.9403669724770642,68.09030151367188
Image_25792_f9cfe4af__spot.png,test,SYNTHETIC_DEFECT,spot,0.8112851715087891,0.6373954391479493,57.91242727279665,62.90890884399414,1,0.8,78.5830307006836,66.91644287109375,2215,FAIL,FAIL,True,True,Score: 0.8113 (threshold: 0.6374),631.8987000267953,1.9689000910148025,6.045800051651895,"[{""label"": 1, ""area"": 2215, ""peak"": 78.5830307006836, ""mean"": 66.91644287109375, ""bbox"": [200, 146, 45, 63]}]",0.6176858776946766,0.7774257425742575,1.0,0.8862302483069977,0.6176858776946766,0.8636163660360757,78.66121673583984
Image_25792_f9cfe4af__chip.png,test,SYNTHETIC_DEFECT,chip,0.80581787109375,0.6373954391479493,57.91242727279665,62.90890884399414,1,0.8,79.67154693603516,68.25328826904297,4371,FAIL,FAIL,True,True,Score: 0.8058 (threshold: 0.6374),639.0291000716388,1.4182999730110168,2.913600066676736,"[{""label"": 1, ""area"": 4371, ""peak"": 79.67154693603516, ""mean"": 68.25328826904297, ""bbox"": [0, 192, 50, 104]}]",0.5907412666856007,0.590515275877793,0.6942590120160214,0.5925417524593914,0.7984644913627639,0.9942418426103646,79.7197494506836
Image_25792_f9cfe4af__pin_discoloration.png,test,SYNTHETIC_DEFECT,pin_discoloration,0.7933567047119141,0.6373954391479493,57.91242727279665,62.90890884399414,1,0.8,77.78323364257812,66.81095886230469,3147,FAIL,FAIL,True,True,Score: 0.7934 (threshold: 0.6374),704.95539996773,1.3528000563383102,2.4025000166147947,"[{""label"": 1, ""area"": 3147, ""peak"": 77.78323364257812, ""mean"": 66.81095886230469, ""bbox"": [6, 111, 60, 61]}]",0.6191253263707572,0.6915367483296214,0.9335629921259843,0.7893231649189705,0.6476613178559235,0.8480710139979515,77.8327865600586
Image_25796_0a20a92f__scratch.png,test,SYNTHETIC_DEFECT,scratch,0.6550165557861328,0.6373954391479493,57.91242727279665,62.90890884399414,1,0.8,64.0996322631836,61.08561706542969,1368,FAIL,FAIL,True,True,Score: 0.6550 (threshold: 0.6374),653.373199980706,1.4459999511018395,2.3135000374168158,"[{""label"": 1, ""area"": 1368, ""peak"": 64.0996322631836, ""mean"": 61.08561706542969, ""bbox"": [243, 175, 34, 67]}]",0.09421841541755889,0.47122762148337594,0.9887640449438202,0.5387426900584795,0.09431939978563773,0.789924973204716,64.14518737792969
Image_25796_0a20a92f__spot.png,test,SYNTHETIC_DEFECT,spot,0.8521707153320313,0.6373954391479493,57.91242727279665,62.90890884399414,1,0.8,83.81096649169922,70.26187133789062,3933,FAIL,FAIL,True,True,Score: 0.8522 (threshold: 0.6374),709.3046999070793,2.5528999976813793,4.073699936270714,"[{""label"": 1, ""area"": 3933, ""peak"": 83.81096649169922, ""mean"": 70.26187133789062, ""bbox"": [82, 368, 65, 81]}]",0.7655474452554745,0.7682651267888526,0.8927477017364658,0.7780320366132724,0.8430868167202572,0.9839228295819936,83.85526275634766
Image_25796_0a20a92f__chip.png,test,SYNTHETIC_DEFECT,chip,0.7603884887695312,0.6373954391479493,57.91242727279665,62.90890884399414,1,0.8,75.2887954711914,65.5175552368164,3852,FAIL,FAIL,True,True,Score: 0.7604 (threshold: 0.6374),673.8908999832347,4.765600082464516,7.488599978387356,"[{""label"": 1, ""area"": 3852, ""peak"": 75.2887954711914, ""mean"": 65.5175552368164, ""bbox"": [434, 95, 54, 82]}]",0.6843359142346634,0.8538718806277334,0.998262380538662,0.8616303219106958,0.6851520572450805,0.9895646988670245,75.32365417480469
Image_25796_0a20a92f__pin_discoloration.png,test,SYNTHETIC_DEFECT,pin_discoloration,0.8346924591064453,0.6373954391479493,57.91242727279665,62.90890884399414,1,0.8,81.6024169921875,68.1448974609375,3338,FAIL,FAIL,True,True,Score: 0.8347 (threshold: 0.6374),667.1340999891981,1.8017999827861786,3.202900057658553,"[{""label"": 1, ""area"": 3338, ""peak"": 81.6024169921875, ""mean"": 68.1448974609375, ""bbox"": [4, 101, 63, 63]}]",0.7015264696329977,0.7155762387079113,0.935064935064935,0.7831036548831636,0.7374530556503927,0.8924547627176511,81.6654052734375
Image_28363_82371fdc__scratch.png,test,SYNTHETIC_DEFECT,scratch,0.6937502288818359,0.6373954391479493,57.91242727279665,62.90890884399414,1,0.8,68.00146484375,62.69414138793945,1920,FAIL,FAIL,True,True,Score: 0.6938 (threshold: 0.6374),650.6333999568596,1.4811999863013625,2.5455999420955777,"[{""label"": 1, ""area"": 1496, ""peak"": 65.4759521484375, ""mean"": 61.3301887512207, ""bbox"": [299, 217, 59, 58]}, {""label"": 2, ""area"": 1920, ""peak"": 68.00146484375, ""mean"": 62.69414138793945, ""bbox"": [370, 285, 65, 58]}]",0.3559654631083202,0.505800464037123,0.8805825242718447,0.5743559718969555,0.37402061855670105,0.8090721649484536,68.04438018798828
Image_28363_82371fdc__spot.png,test,SYNTHETIC_DEFECT,spot,0.766411361694336,0.6373954391479493,57.91242727279665,62.90890884399414,1,0.8,74.79901885986328,65.67495727539062,1646,FAIL,FAIL,True,True,Score: 0.7664 (threshold: 0.6374),651.5628000488505,1.94390001706779,3.0188000528141856,"[{""label"": 1, ""area"": 1646, ""peak"": 74.79901885986328, ""mean"": 65.67495727539062, ""bbox"": [393, 290, 40, 54]}]",0.5808383233532934,0.7057305110996386,0.9877800407331976,0.830498177399757,0.5850422195416164,0.8244873341375151,74.86168670654297
Image_28363_82371fdc__chip.png,test,SYNTHETIC_DEFECT,chip,0.684688720703125,0.6373954391479493,57.91242727279665,62.90890884399414,1,0.8,67.75476837158203,62.77988815307617,2499,FAIL,FAIL,True,True,Score: 0.6847 (threshold: 0.6374),646.8631000025198,1.523400074802339,2.7392999036237597,"[{""label"": 1, ""area"": 2499, ""peak"": 67.75476837158203, ""mean"": 62.77988815307617, ""bbox"": [41, 305, 46, 69]}]",0.2990063233965673,0.7393903167961745,1.0,0.9899959983993597,0.2990063233965673,0.7449563384522734,67.78450012207031
Image_28363_82371fdc__pin_discoloration.png,test,SYNTHETIC_DEFECT,pin_discoloration,0.8465806579589844,0.6373954391479493,57.91242727279665,62.90890884399414,1,0.8,82.63652801513672,67.8141860961914,3603,FAIL,FAIL,True,True,Score: 0.8466 (threshold: 0.6374),632.206599926576,1.415099948644638,2.7803999837487936,"[{""label"": 1, ""area"": 3603, ""peak"": 82.63652801513672, ""mean"": 67.8141860961914, ""bbox"": [450, 192, 62, 75]}]",0.6838709677419355,0.7047669212536213,0.902127659574468,0.742714404662781,0.7386759581881533,0.932404181184669,82.70108032226562
Image_28364_03e2307b__scratch.png,test,SYNTHETIC_DEFECT,scratch,0.6415482330322265,0.6373954391479493,57.91242727279665,62.90890884399414,1,0.8,,,0,FAIL,FAIL,False,False,Score: 0.6415 (threshold: 0.6374),660.6307999463752,0.35830005072057247,2.3132999194785953,[],0.0,0.0,0.0,0.0,0.0,0.0,62.79652786254883
Image_28364_03e2307b__spot.png,test,SYNTHETIC_DEFECT,spot,0.8018021392822265,0.6373954391479493,57.91242727279665,62.90890884399414,1,0.8,78.40643310546875,67.4615249633789,3287,FAIL,FAIL,True,True,Score: 0.8018 (threshold: 0.6374),661.9103000266477,1.4813001034781337,3.340100054629147,"[{""label"": 1, ""area"": 3287, ""peak"": 78.40643310546875, ""mean"": 67.4615249633789, ""bbox"": [246, 163, 50, 84]}]",0.7059210526315789,0.7774321266968326,0.9808043875685558,0.8363249163370855,0.7158105403602402,0.9169446297531688,78.4615478515625
Image_28364_03e2307b__chip.png,test,SYNTHETIC_DEFECT,chip,0.7110451507568359,0.6373954391479493,57.91242727279665,62.90890884399414,1,0.8,69.74649810791016,63.541770935058594,2853,FAIL,FAIL,True,True,Score: 0.7110 (threshold: 0.6374),674.344600061886,1.4923999551683664,4.180599935352802,"[{""label"": 1, ""area"": 2853, ""peak"": 69.74649810791016, ""mean"": 63.541770935058594, ""bbox"": [38, 265, 46, 73]}]",0.4136788189213619,0.7931435212085997,1.0,0.9568874868559412,0.4136788189213619,0.822536908707442,69.78997039794922
Image_28364_03e2307b__pin_discoloration.png,test,SYNTHETIC_DEFECT,pin_discoloration,0.7318665313720704,0.6373954391479493,57.91242727279665,62.90890884399414,1,0.8,71.72721862792969,64.03990936279297,2397,FAIL,FAIL,True,True,Score: 0.7319 (threshold: 0.6374),674.4148000143468,2.237600041553378,4.3512999545782804,"[{""label"": 1, ""area"": 2397, ""peak"": 71.72721862792969, ""mean"": 64.03990936279297, ""bbox"": [9, 78, 57, 49]}]",0.41194539249146755,0.6315467075038285,1.0,0.8602419691280767,0.41194539249146755,0.7037542662116041,71.7766342163086
Image_28368_c19d8858__scratch.png,test,SYNTHETIC_DEFECT,scratch,0.5805784606933594,0.6373954391479493,57.91242727279665,62.90890884399414,1,0.8,,,0,PASS,PASS,False,False,Score: 0.5806 (threshold: 0.6374),700.9600000455976,0.27249997947365046,2.95409990940243,[],0.0,0.0,0.0,0.0,0.0,0.0,57.21458435058594
Image_28368_c19d8858__spot.png,test,SYNTHETIC_DEFECT,spot,0.7871875762939453,0.6373954391479493,57.91242727279665,62.90890884399414,1,0.8,76.99503326416016,66.88107299804688,1880,FAIL,FAIL,True,True,Score: 0.7872 (threshold: 0.6374),643.917000037618,2.5322999572381377,4.778199945576489,"[{""label"": 1, ""area"": 1880, ""peak"": 76.99503326416016, ""mean"": 66.88107299804688, ""bbox"": [107, 208, 42, 58]}]",0.6913664174031271,0.6442006269592476,0.8329238329238329,0.6558510638297872,0.8026835043409629,0.9731649565903709,77.04867553710938
Image_28368_c19d8858__chip.png,test,SYNTHETIC_DEFECT,chip,0.7157992553710938,0.6373954391479493,57.91242727279665,62.90890884399414,1,0.8,70.96810913085938,64.50438690185547,2905,FAIL,FAIL,True,True,Score: 0.7158 (threshold: 0.6374),652.0925000077114,3.460800042375922,7.085900055244565,"[{""label"": 1, ""area"": 2905, ""peak"": 70.96810913085938, ""mean"": 64.50438690185547, ""bbox"": [448, 305, 45, 76]}]",0.48703427719821163,0.8261376896149358,1.0,0.9748709122203099,0.48703427719821163,0.844113263785395,70.99993896484375
Image_28368_c19d8858__pin_discoloration.png,test,SYNTHETIC_DEFECT,pin_discoloration,0.6680835723876953,0.6373954391479493,57.91242727279665,62.90890884399414,1,0.8,65.64108276367188,62.06703186035156,1350,FAIL,FAIL,True,True,Score: 0.6681 (threshold: 0.6374),649.4852000614628,3.9347000420093536,6.84499996714294,"[{""label"": 1, ""area"": 1350, ""peak"": 65.64108276367188, ""mean"": 62.06703186035156, ""bbox"": [227, 440, 26, 64]}]",0.14837606837606837,0.46153846153846156,1.0,1.0,0.14837606837606837,0.46153846153846156,65.68634796142578
Image_28375_4e1ea55d__scratch.png,test,SYNTHETIC_DEFECT,scratch,0.6818582916259766,0.6373954391479493,57.91242727279665,62.90890884399414,1,0.8,65.64388275146484,61.80715560913086,2456,FAIL,FAIL,True,True,Score: 0.6819 (threshold: 0.6374),666.7468999512494,6.653000018559396,7.401600014418364,"[{""label"": 1, ""area"": 2456, ""peak"": 65.64388275146484, ""mean"": 61.80715560913086, ""bbox"": [130, 312, 89, 48]}]",0.3684210526315789,0.5342250196695515,1.0,0.5529315960912052,0.3684210526315789,0.9404432132963989,65.71453857421875
Image_28375_4e1ea55d__spot.png,test,SYNTHETIC_DEFECT,spot,0.7886952972412109,0.6373954391479493,57.91242727279665,62.90890884399414,1,0.8,77.35643005371094,67.2542953491211,3324,FAIL,FAIL,True,True,Score: 0.7887 (threshold: 0.6374),657.7368000289425,3.3127999631688,6.76660006865859,"[{""label"": 1, ""area"": 3324, ""peak"": 77.35643005371094, ""mean"": 67.2542953491211, ""bbox"": [357, 305, 51, 83]}]",0.6912585244885306,0.8138504155124654,0.9991039426523297,0.8838748495788207,0.6916873449131513,0.9112903225806451,77.40521240234375
Image_28375_4e1ea55d__chip.png,test,SYNTHETIC_DEFECT,chip,0.7403810119628906,0.6373954391479493,57.91242727279665,62.90890884399414,1,0.8,72.70777130126953,63.98732376098633,3801,FAIL,FAIL,True,True,Score: 0.7404 (threshold: 0.6374),656.2738000648096,2.979299984872341,6.467400002293289,"[{""label"": 1, ""area"": 3801, ""peak"": 72.70777130126953, ""mean"": 63.98732376098633, ""bbox"": [22, 73, 60, 77]}]",0.5486194477791116,0.7411390857980934,0.9945593035908596,0.7976848197842673,0.5502709211318483,0.9127031908488862,72.7563247680664
Image_28375_4e1ea55d__pin_discoloration.png,test,SYNTHETIC_DEFECT,pin_discoloration,0.6263059616088867,0.6373954391479493,57.91242727279665,62.90890884399414,1,0.8,,,0,PASS,PASS,False,False,Score: 0.6263 (threshold: 0.6374),649.1666999645531,0.41149999015033245,4.039099905639887,[],0.0,0.0,0.0,0.0,0.0,0.0,61.31462860107422
Image_28381_839709ad__scratch.png,test,SYNTHETIC_DEFECT,scratch,0.67186767578125,0.6373954391479493,57.91242727279665,62.90890884399414,1,0.8,65.2306137084961,61.664005279541016,1368,FAIL,FAIL,True,True,Score: 0.6719 (threshold: 0.6374),685.8486999990419,4.303499939851463,6.630799965932965,"[{""label"": 1, ""area"": 1368, ""peak"": 65.2306137084961, ""mean"": 61.664005279541016, ""bbox"": [322, 268, 55, 32]}]",0.2776595744680851,0.5253333333333333,0.9288256227758007,0.5760233918128655,0.28369565217391307,0.8565217391304348,65.28624725341797
Image_28381_839709ad__spot.png,test,SYNTHETIC_DEFECT,spot,0.8908401489257812,0.6373954391479493,57.91242727279665,62.90890884399414,1,0.8,86.77943420410156,70.32159423828125,3979,FAIL,FAIL,True,True,Score: 0.8908 (threshold: 0.6374),677.1755999652669,6.188499974086881,11.502699926495552,"[{""label"": 1, ""area"": 3979, ""peak"": 86.77943420410156, ""mean"": 70.32159423828125, ""bbox"": [291, 363, 66, 79]}]",0.8398858592263792,0.7260858649259352,0.9112487100103199,0.726815782860015,0.9147099447513812,0.9986187845303868,86.8515396118164
Image_28381_839709ad__chip.png,test,SYNTHETIC_DEFECT,chip,0.6784107971191407,0.6373954391479493,57.91242727279665,62.90890884399414,1,0.8,66.46240234375,61.77756118774414,1587,FAIL,FAIL,True,True,Score: 0.6784 (threshold: 0.6374),719.4589999271557,4.861299996264279,10.464899940416217,"[{""label"": 1, ""area"": 1587, ""peak"": 66.46240234375, ""mean"": 61.77756118774414, ""bbox"": [454, 116, 33, 59]}]",0.11840143155383238,0.47330748583358184,1.0,1.0,0.11840143155383238,0.47330748583358184,66.5084228515625
Image_28381_839709ad__pin_discoloration.png,test,SYNTHETIC_DEFECT,pin_discoloration,0.8420439910888672,0.6373954391479493,57.91242727279665,62.90890884399414,1,0.8,82.18034362792969,67.98527526855469,3567,FAIL,FAIL,True,True,Score: 0.8420 (threshold: 0.6374),710.634300019592,3.8767000660300255,9.57110000308603,"[{""label"": 1, ""area"": 3567, ""peak"": 82.18034362792969, ""mean"": 67.98527526855469, ""bbox"": [3, 218, 64, 68]}]",0.7416502946954814,0.6775109734056287,0.9480954374215153,0.735632183908046,0.773037542662116,0.8955631399317406,82.24583435058594
Image_28401_6432e845__scratch.png,test,SYNTHETIC_DEFECT,scratch,0.5788988876342773,0.6373954391479493,57.91242727279665,62.90890884399414,1,0.8,,,0,PASS,PASS,False,False,Score: 0.5789 (threshold: 0.6374),729.3167999014258,1.8041000002995133,4.663800005801022,[],0.0,0.0,0.0,0.0,0.0,0.0,56.281829833984375
Image_28401_6432e845__spot.png,test,SYNTHETIC_DEFECT,spot,0.806780014038086,0.6373954391479493,57.91242727279665,62.90890884399414,1,0.8,78.82770538330078,67.51710510253906,2030,FAIL,FAIL,True,True,Score: 0.8068 (threshold: 0.6374),658.7368999607861,4.198200069367886,6.9549999898299575,"[{""label"": 1, ""area"": 2030, ""peak"": 78.82770538330078, ""mean"": 67.51710510253906, ""bbox"": [345, 310, 43, 61]}]",0.7122851686823679,0.636849781234808,0.8270509977827051,0.645320197044335,0.8369483919222139,0.9798055347793567,78.8930435180664
Image_28401_6432e845__chip.png,test,SYNTHETIC_DEFECT,chip,0.6662776947021485,0.6373954391479493,57.91242727279665,62.90890884399414,1,0.8,65.50938415527344,61.42428970336914,1063,FAIL,FAIL,True,True,Score: 0.6663 (threshold: 0.6374),687.8095000283793,2.368000103160739,4.4501000083982944,"[{""label"": 1, ""area"": 1063, ""peak"": 65.50938415527344, ""mean"": 61.42428970336914, ""bbox"": [442, 367, 41, 36]}]",0.06525625744934446,0.31361474435196196,1.0,0.9924741298212606,0.06525625744934446,0.31436233611442194,65.54682159423828
Image_28401_6432e845__pin_discoloration.png,test,SYNTHETIC_DEFECT,pin_discoloration,0.66582275390625,0.6373954391479493,57.91242727279665,62.90890884399414,1,0.8,65.40191650390625,61.384490966796875,1570,FAIL,FAIL,True,True,Score: 0.6658 (threshold: 0.6374),674.5000000810251,2.436000038869679,5.544799962081015,"[{""label"": 1, ""area"": 1570, ""peak"": 65.40191650390625, ""mean"": 61.384490966796875, ""bbox"": [43, 12, 29, 68]}]",0.07933265236636024,0.5345590738849166,1.0,1.0,0.07933265236636024,0.5345590738849166,65.44448852539062
Image_28412_11f5fb24__scratch.png,test,SYNTHETIC_DEFECT,scratch,0.7567292022705078,0.6373954391479493,57.91242727279665,62.90890884399414,1,0.8,74.20845031738281,66.1492919921875,2317,FAIL,FAIL,True,True,Score: 0.7567 (threshold: 0.6374),692.600499955006,1.4869999140501022,4.641300067305565,"[{""label"": 1, ""area"": 2317, ""peak"": 74.20845031738281, ""mean"": 66.1492919921875, ""bbox"": [268, 239, 63, 49]}]",0.480731548007838,0.3370738023305999,0.4952893674293405,0.3370738023305999,0.942381562099872,1.0,74.25902557373047
Image_28412_11f5fb24__spot.png,test,SYNTHETIC_DEFECT,spot,0.7869218444824219,0.6373954391479493,57.91242727279665,62.90890884399414,1,0.8,77.16478729248047,66.80176544189453,2498,FAIL,FAIL,True,True,Score: 0.7869 (threshold: 0.6374),699.4959999574348,2.3089000023901463,4.982699989341199,"[{""label"": 1, ""area"": 2498, ""peak"": 77.16478729248047, ""mean"": 66.80176544189453, ""bbox"": [192, 255, 47, 71]}]",0.6023151605675877,0.8091576371897938,1.0,0.9267413931144916,0.6023151605675877,0.8644510828976848,77.21392822265625
Image_28412_11f5fb24__chip.png,test,SYNTHETIC_DEFECT,chip,0.7894601440429687,0.6373954391479493,57.91242727279665,62.90890884399414,1,0.8,77.24693298339844,67.5901870727539,4292,FAIL,FAIL,True,True,Score: 0.7895 (threshold: 0.6374),657.1375000057742,1.4742999337613583,3.21670004632324,"[{""label"": 1, ""area"": 4292, ""peak"": 77.24693298339844, ""mean"": 67.5901870727539, ""bbox"": [3, 243, 53, 102]}]",0.6172970113726527,0.5897271952259164,0.7917232021709634,0.6446877912395154,0.7369750552573413,0.8736975055257341,77.29894256591797
Image_28412_11f5fb24__pin_discoloration.png,test,SYNTHETIC_DEFECT,pin_discoloration,0.7438407135009766,0.6373954391479493,57.91242727279665,62.90890884399414,1,0.8,71.71186828613281,63.58904266357422,1719,FAIL,FAIL,True,True,Score: 0.7438 (threshold: 0.6374),659.8969000624493,1.2627000687643886,3.4075999865308404,"[{""label"": 1, ""area"": 1719, ""peak"": 71.71186828613281, ""mean"": 63.58904266357422, ""bbox"": [10, 17, 45, 46]}]",0.2697254084115398,0.5734337555631633,1.0,0.9744037230948226,0.2697254084115398,0.5822036843934654,71.79363250732422
Image_28413_584a9425__scratch.png,test,SYNTHETIC_DEFECT,scratch,0.6997425079345703,0.6373954391479493,57.91242727279665,62.90890884399414,1,0.8,68.3386459350586,62.82852554321289,1939,FAIL,FAIL,True,True,Score: 0.6997 (threshold: 0.6374),646.0971999913454,1.3342000311240554,2.8060999466106296,"[{""label"": 1, ""area"": 1939, ""peak"": 68.3386459350586, ""mean"": 62.82852554321289, ""bbox"": [191, 375, 57, 64]}]",0.29793028322440085,0.36018411967779057,0.7048969072164949,0.48427024239298605,0.3403858120721842,0.5843186060983199,68.39005279541016
Image_28413_584a9425__spot.png,test,SYNTHETIC_DEFECT,spot,0.739219741821289,0.6373954391479493,57.91242727279665,62.90890884399414,1,0.8,71.54619598388672,64.04827117919922,863,FAIL,FAIL,True,True,Score: 0.7392 (threshold: 0.6374),641.8306999839842,2.0537000382319093,3.635600092820823,"[{""label"": 1, ""area"": 863, ""peak"": 71.54619598388672, ""mean"": 64.04827117919922, ""bbox"": [276, 335, 30, 36]}]",0.6083707025411061,0.6722222222222223,0.9377880184331797,0.7010428736964078,0.6339563862928349,0.942367601246106,71.62799835205078
Image_28413_584a9425__chip.png,test,SYNTHETIC_DEFECT,chip,0.7105245208740234,0.6373954391479493,57.91242727279665,62.90890884399414,1,0.8,69.69194793701172,63.56081771850586,2926,FAIL,FAIL,True,True,Score: 0.7105 (threshold: 0.6374),675.5895999958739,2.471399959176779,3.8198999827727675,"[{""label"": 1, ""area"": 2926, ""peak"": 69.69194793701172, ""mean"": 63.56081771850586, ""bbox"": [33, 196, 47, 76]}]",0.42637759710930445,0.7676853423882286,1.0,0.9272043745727956,0.42637759710930445,0.8169226136705812,69.73026275634766
Image_28413_584a9425__pin_discoloration.png,test,SYNTHETIC_DEFECT,pin_discoloration,0.6457453155517578,0.6373954391479493,57.91242727279665,62.90890884399414,1,0.8,,,0,FAIL,FAIL,False,False,Score: 0.6457 (threshold: 0.6374),700.0779000809416,0.31849998049438,3.0602000188082457,[],0.0,0.0,0.0,0.0,0.0,0.0,62.55760192871094
Image_28425_9286af3e__scratch.png,test,SYNTHETIC_DEFECT,scratch,0.6764079284667969,0.6373954391479493,57.91242727279665,62.90890884399414,1,0.8,66.09107208251953,60.710445404052734,2048,FAIL,FAIL,True,True,Score: 0.6764 (threshold: 0.6374),646.1760000092909,2.1825000876560807,4.961400059983134,"[{""label"": 1, ""area"": 2048, ""peak"": 66.09107208251953, ""mean"": 60.710445404052734, ""bbox"": [226, 284, 55, 119]}]",0.1337099811676083,0.5491129381220251,0.7773722627737226,0.61962890625,0.13903394255874674,0.8283289817232375,66.13980865478516
Image_28425_9286af3e__spot.png,test,SYNTHETIC_DEFECT,spot,0.7476441955566406,0.6373954391479493,57.91242727279665,62.90890884399414,1,0.8,72.56043243408203,64.58097839355469,1068,FAIL,FAIL,True,True,Score: 0.7476 (threshold: 0.6374),679.0173000190407,2.3598000407218933,4.7311000525951385,"[{""label"": 1, ""area"": 1068, ""peak"": 72.56043243408203, ""mean"": 64.58097839355469, ""bbox"": [354, 214, 34, 40]}]",0.5454545454545454,0.5708117443868739,0.8139130434782609,0.6189138576779026,0.6231691078561917,0.8801597869507324,72.63216400146484
Image_28425_9286af3e__chip.png,test,SYNTHETIC_DEFECT,chip,0.6937936401367187,0.6373954391479493,57.91242727279665,62.90890884399414,1,0.8,68.21097564697266,62.67634582519531,2124,FAIL,FAIL,True,True,Score: 0.6938 (threshold: 0.6374),684.1265999246389,1.8340999959036708,3.1359000131487846,"[{""label"": 1, ""area"": 2124, ""peak"": 68.21097564697266, ""mean"": 62.67634582519531, ""bbox"": [41, 239, 42, 63]}]",0.2426952892069171,0.6332737030411449,1.0,1.0,0.2426952892069171,0.6332737030411449,68.25151824951172
Image_28425_9286af3e__pin_discoloration.png,test,SYNTHETIC_DEFECT,pin_discoloration,0.6750978088378906,0.6373954391479493,57.91242727279665,62.90890884399414,1,0.8,66.43851470947266,61.698272705078125,1352,FAIL,FAIL,True,True,Score: 0.6751 (threshold: 0.6374),631.2359999865294,1.4223000034689903,3.356900066137314,"[{""label"": 1, ""area"": 1352, ""peak"": 66.43851470947266, ""mean"": 61.698272705078125, ""bbox"": [12, 73, 45, 38]}]",0.11369067941276886,0.46159098668487536,1.0,1.0,0.11369067941276886,0.46159098668487536,66.47761535644531
Image_28436_247adeab__scratch.png,test,SYNTHETIC_DEFECT,scratch,0.613687858581543,0.6373954391479493,57.91242727279665,62.90890884399414,1,0.8,,,0,PASS,PASS,False,False,Score: 0.6137 (threshold: 0.6374),664.4760000053793,0.2544999588280916,2.3677999852225184,[],0.0,0.0,0.0,0.0,0.0,0.0,60.01761245727539
Image_28436_247adeab__spot.png,test,SYNTHETIC_DEFECT,spot,0.8112860107421875,0.6373954391479493,57.91242727279665,62.90890884399414,1,0.8,78.04812622070312,66.62757110595703,1503,FAIL,FAIL,True,True,Score: 0.8113 (threshold: 0.6374),646.630100090988,1.8561999313533306,4.579500062391162,"[{""label"": 1, ""area"": 1503, ""peak"": 78.04812622070312, ""mean"": 66.62757110595703, ""bbox"": [323, 226, 38, 50]}]",0.6739312657166806,0.6403846153846153,0.8544102019128587,0.6646706586826348,0.7613636363636364,0.9460227272727273,78.14910125732422
Image_28436_247adeab__chip.png,test,SYNTHETIC_DEFECT,chip,0.711331787109375,0.6373954391479493,57.91242727279665,62.90890884399414,1,0.8,69.27368927001953,62.715736389160156,2467,FAIL,FAIL,True,True,Score: 0.7113 (threshold: 0.6374),689.3036999972537,2.3459000512957573,3.7973999278619885,"[{""label"": 1, ""area"": 2467, ""peak"": 69.27368927001953, ""mean"": 62.715736389160156, ""bbox"": [478, 238, 34, 89]}]",0.4266450916936354,0.7269417475728155,0.9383155397390273,0.7284150790433725,0.43895671476137627,0.9972253052164262,69.33499908447266
Image_28436_247adeab__pin_discoloration.png,test,SYNTHETIC_DEFECT,pin_discoloration,0.7664138793945312,0.6373954391479493,57.91242727279665,62.90890884399414,1,0.8,75.0068588256836,65.28228759765625,2503,FAIL,FAIL,True,True,Score: 0.7664 (threshold: 0.6374),748.5552000580356,3.0668999534100294,7.5694998959079385,"[{""label"": 1, ""area"": 2503, ""peak"": 75.0068588256836, ""mean"": 65.28228759765625, ""bbox"": [7, 30, 56, 53]}]",0.4883959044368601,0.7165876777251184,1.0,0.9061126648022373,0.4883959044368601,0.774061433447099,75.06006622314453
Image_28455_f3b3c997__scratch.png,test,SYNTHETIC_DEFECT,scratch,0.6930408477783203,0.6373954391479493,57.91242727279665,62.90890884399414,1,0.8,67.40353393554688,61.3653450012207,2188,FAIL,FAIL,True,True,Score: 0.6930 (threshold: 0.6374),731.5882999682799,2.738300012424588,6.848799996078014,"[{""label"": 1, ""area"": 2188, ""peak"": 67.40353393554688, ""mean"": 61.3653450012207, ""bbox"": [230, 187, 59, 117]}]",0.2094554159186116,0.5484136794396374,0.7760532150776053,0.6083180987202925,0.2229299363057325,0.8477707006369427,67.46402740478516
Image_28455_f3b3c997__spot.png,test,SYNTHETIC_DEFECT,spot,0.7939618682861328,0.6373954391479493,57.91242727279665,62.90890884399414,1,0.8,77.90894317626953,67.0643081665039,2472,FAIL,FAIL,True,True,Score: 0.7940 (threshold: 0.6374),719.9363000690937,5.0175999058410525,7.544900057837367,"[{""label"": 1, ""area"": 2472, ""peak"": 77.90894317626953, ""mean"": 67.0643081665039, ""bbox"": [294, 339, 48, 67]}]",0.7626693426994481,0.7208661417322835,0.9417596034696406,0.7406957928802589,0.8004212743549236,0.9641916798314902,77.9620132446289
Image_28455_f3b3c997__chip.png,test,SYNTHETIC_DEFECT,chip,0.736512680053711,0.6373954391479493,57.91242727279665,62.90890884399414,1,0.8,72.0936279296875,64.75469207763672,3169,FAIL,FAIL,True,True,Score: 0.7365 (threshold: 0.6374),726.833299966529,2.600100007839501,7.349699968472123,"[{""label"": 1, ""area"": 3169, ""peak"": 72.0936279296875, ""mean"": 64.75469207763672, ""bbox"": [454, 350, 50, 84]}]",0.502050380785003,0.7450508293204923,0.9661781285231116,0.8788261281161249,0.5110316040548599,0.8303518187239117,72.1355209350586
Image_28455_f3b3c997__pin_discoloration.png,test,SYNTHETIC_DEFECT,pin_discoloration,0.8490352630615234,0.6373954391479493,57.91242727279665,62.90890884399414,1,0.8,83.43599700927734,68.72633361816406,3555,FAIL,FAIL,True,True,Score: 0.8490 (threshold: 0.6374),681.2599999830127,1.6822000034153461,4.4729000655934215,"[{""label"": 1, ""area"": 3555, ""peak"": 83.43599700927734, ""mean"": 68.72633361816406, ""bbox"": [451, 147, 61, 68]}]",0.7262443438914027,0.7811984606926883,0.9300496688741722,0.7994374120956399,0.7682051282051282,0.9716239316239316,83.49038696289062
Image_28456_41d1a021__scratch.png,test,SYNTHETIC_DEFECT,scratch,0.6847781372070313,0.6373954391479493,57.91242727279665,62.90890884399414,1,0.8,67.27184295654297,62.4157829284668,828,FAIL,FAIL,True,True,Score: 0.6848 (threshold: 0.6374),728.2220999477431,2.2756000980734825,4.201899981126189,"[{""label"": 1, ""area"": 828, ""peak"": 67.27184295654297, ""mean"": 62.4157829284668, ""bbox"": [215, 248, 33, 33]}]",0.5140388768898488,0.4541176470588235,0.8122866894197952,0.46618357487922707,0.5833333333333334,0.946078431372549,67.32539367675781
Image_28456_41d1a021__spot.png,test,SYNTHETIC_DEFECT,spot,0.8304059600830078,0.6373954391479493,57.91242727279665,62.90890884399414,1,0.8,81.62289428710938,68.74006652832031,2618,FAIL,FAIL,True,True,Score: 0.8304 (threshold: 0.6374),756.0645999619737,2.8604998951777816,7.925300044007599,"[{""label"": 1, ""area"": 2618, ""peak"": 81.62289428710938, ""mean"": 68.74006652832031, ""bbox"": [320, 213, 49, 70]}]",0.7582892839980778,0.6782477341389728,0.8608837970540099,0.6860198624904508,0.864184008762322,0.9835706462212487,81.67530059814453
Image_28456_41d1a021__chip.png,test,SYNTHETIC_DEFECT,chip,0.7029301452636719,0.6373954391479493,57.91242727279665,62.90890884399414,1,0.8,69.12296295166016,63.351280212402344,2534,FAIL,FAIL,True,True,Score: 0.7029 (threshold: 0.6374),651.0202999925241,3.85939993429929,6.087600020691752,"[{""label"": 1, ""area"": 2534, ""peak"": 69.12296295166016, ""mean"": 63.351280212402344, ""bbox"": [429, 281, 44, 68]}]",0.34799638445314857,0.763482976800241,1.0,1.0,0.34799638445314857,0.763482976800241,69.15962219238281
Image_28456_41d1a021__pin_discoloration.png,test,SYNTHETIC_DEFECT,pin_discoloration,0.8873511505126953,0.6373954391479493,57.91242727279665,62.90890884399414,1,0.8,86.322021484375,69.13624572753906,3886,FAIL,FAIL,True,True,Score: 0.8874 (threshold: 0.6374),661.5959999617189,2.4286999832838774,5.768300034105778,"[{""label"": 1, ""area"": 3886, ""peak"": 86.322021484375, ""mean"": 69.13624572753906, ""bbox"": [448, 219, 64, 77]}]",0.7289603960396039,0.7116641528406235,0.8840525328330207,0.7285126093669583,0.8060212110845022,0.9685254875128293,86.39696502685547
Image_28459_5393ec99__scratch.png,test,SYNTHETIC_DEFECT,scratch,0.6010753631591796,0.6373954391479493,57.91242727279665,62.90890884399414,1,0.8,,,0,PASS,PASS,False,False,Score: 0.6011 (threshold: 0.6374),627.959799952805,0.34909998066723347,2.90239998139441,[],0.0,0.0,0.0,0.0,0.0,0.0,59.121498107910156
Image_28459_5393ec99__spot.png,test,SYNTHETIC_DEFECT,spot,0.7094638824462891,0.6373954391479493,57.91242727279665,62.90890884399414,1,0.8,69.93669891357422,63.42782974243164,1509,FAIL,FAIL,True,True,Score: 0.7095 (threshold: 0.6374),709.4351999694481,1.5759000089019537,3.2245999900624156,"[{""label"": 1, ""area"": 1509, ""peak"": 69.93669891357422, ""mean"": 63.42782974243164, ""bbox"": [366, 78, 41, 49]}]",0.2899283607248209,0.6359039190897599,1.0,1.0,0.2899283607248209,0.6359039190897599,69.97789001464844
Image_28459_5393ec99__chip.png,test,SYNTHETIC_DEFECT,chip,0.7145565795898438,0.6373954391479493,57.91242727279665,62.90890884399414,1,0.8,69.82516479492188,63.08935546875,1195,FAIL,FAIL,True,True,Score: 0.7146 (threshold: 0.6374),736.3544999388978,1.540499972179532,3.1115999445319176,"[{""label"": 1, ""area"": 1195, ""peak"": 69.82516479492188, ""mean"": 63.08935546875, ""bbox"": [479, 345, 33, 46]}]",0.21008403361344538,0.364461738002594,0.8726899383983573,0.705439330543933,0.21672616012238655,0.4298827129015808,69.8846664428711
Image_28459_5393ec99__pin_discoloration.png,test,SYNTHETIC_DEFECT,pin_discoloration,0.7427224731445312,0.6373954391479493,57.91242727279665,62.90890884399414,1,0.8,72.63014221191406,64.69406127929688,2729,FAIL,FAIL,True,True,Score: 0.7427 (threshold: 0.6374),667.2130000079051,1.842200057581067,3.353099920786917,"[{""label"": 1, ""area"": 2729, ""peak"": 72.63014221191406, ""mean"": 64.69406127929688, ""bbox"": [195, 434, 47, 78]}]",0.5037137069547603,0.6845397676496873,0.9764397905759162,0.8420666910956395,0.5099111414900889,0.7853725222146275,72.6805191040039
Image_28467_3fa4f3ea__scratch.png,test,SYNTHETIC_DEFECT,scratch,0.5376590728759766,0.6373954391479493,57.91242727279665,62.90890884399414,1,0.8,,,0,PASS,PASS,False,False,Score: 0.5377 (threshold: 0.6374),674.8494999483228,0.4361000610515475,3.1423999462276697,[],0.0,0.0,0.0,0.0,0.0,0.0,51.56182098388672
Image_28467_3fa4f3ea__spot.png,test,SYNTHETIC_DEFECT,spot,0.7462038421630859,0.6373954391479493,57.91242727279665,62.90890884399414,1,0.8,71.62799835205078,64.06707763671875,911,FAIL,FAIL,True,True,Score: 0.7462 (threshold: 0.6374),684.4953000545502,1.5392000786960125,3.3789000008255243,"[{""label"": 1, ""area"": 911, ""peak"": 71.62799835205078, ""mean"": 64.06707763671875, ""bbox"": [316, 207, 33, 36]}]",0.5179856115107914,0.596100278551532,0.9432314410480349,0.7047200878155873,0.5346534653465347,0.7945544554455446,71.72081756591797
Image_28467_3fa4f3ea__chip.png,test,SYNTHETIC_DEFECT,chip,0.7420741271972656,0.6373954391479493,57.91242727279665,62.90890884399414,1,0.8,72.42156982421875,65.08061981201172,3686,FAIL,FAIL,True,True,Score: 0.7421 (threshold: 0.6374),635.3977000107989,1.6048999968916178,4.326099995523691,"[{""label"": 1, ""area"": 3686, ""peak"": 72.42156982421875, ""mean"": 65.08061981201172, ""bbox"": [33, 321, 55, 81]}]",0.663298662704309,0.7701785265275333,0.9950958537672759,0.8309820944112859,0.6654740608228981,0.9132379248658319,72.47532653808594
Image_28467_3fa4f3ea__pin_discoloration.png,test,SYNTHETIC_DEFECT,pin_discoloration,0.6758885192871094,0.6373954391479493,57.91242727279665,62.90890884399414,1,0.8,65.77910614013672,62.17947006225586,2039,FAIL,FAIL,True,True,Score: 0.6759 (threshold: 0.6374),681.9394000340253,1.6824000049382448,4.351499956101179,"[{""label"": 1, ""area"": 2039, ""peak"": 65.77910614013672, ""mean"": 62.17947006225586, ""bbox"": [9, 434, 37, 70]}]",0.2371278458844133,0.44116779710999704,0.9897660818713451,0.7336929867582148,0.23771067415730338,0.5252808988764045,65.81521606445312
Image_28472_b179566e__scratch.png,test,SYNTHETIC_DEFECT,scratch,0.6620388793945312,0.6373954391479493,57.91242727279665,62.90890884399414,1,0.8,64.59228515625,61.01313781738281,909,FAIL,FAIL,True,True,Score: 0.6620 (threshold: 0.6374),670.401000068523,1.3556999620050192,3.2418000046163797,"[{""label"": 1, ""area"": 909, ""peak"": 64.59228515625, ""mean"": 61.01313781738281, ""bbox"": [361, 284, 35, 42]}]",0.04525547445255475,0.22396694214876034,0.9789473684210527,0.5962596259625963,0.04529956161714564,0.26400389673648317,64.64369201660156
Image_28472_b179566e__spot.png,test,SYNTHETIC_DEFECT,spot,0.8175587463378906,0.6373954391479493,57.91242727279665,62.90890884399414,1,0.8,80.8380126953125,68.50357818603516,2734,FAIL,FAIL,True,True,Score: 0.8176 (threshold: 0.6374),664.1831999877468,1.2064999900758266,3.2062999671325088,"[{""label"": 1, ""area"": 2734, ""peak"": 80.8380126953125, ""mean"": 68.50357818603516, ""bbox"": [360, 106, 52, 67]}]",0.7556477639465191,0.6867951982539106,0.8603674540682414,0.6905632772494513,0.861271676300578,0.9921177088807147,80.88226318359375
Image_28472_b179566e__chip.png,test,SYNTHETIC_DEFECT,chip,0.7511056518554687,0.6373954391479493,57.91242727279665,62.90890884399414,1,0.8,73.40411376953125,65.489990234375,3512,FAIL,FAIL,True,True,Score: 0.7511 (threshold: 0.6374),708.1238999962807,1.4183999737724662,3.199799917638302,"[{""label"": 1, ""area"": 3512, ""peak"": 73.40411376953125, ""mean"": 65.489990234375, ""bbox"": [450, 199, 48, 87]}]",0.6539386650631389,0.7882198952879581,0.9967919340054996,0.8573462414578588,0.6553178668273576,0.9072009641458271,73.4546890258789
Image_28472_b179566e__pin_discoloration.png,test,SYNTHETIC_DEFECT,pin_discoloration,0.8502040100097656,0.6373954391479493,57.91242727279665,62.90890884399414,1,0.8,83.11349487304688,68.41552734375,3548,FAIL,FAIL,True,True,Score: 0.8502 (threshold: 0.6374),685.7831000816077,1.4998000115156174,3.5291999811306596,"[{""label"": 1, ""area"": 3548, ""peak"": 83.11349487304688, ""mean"": 68.41552734375, ""bbox"": [0, 182, 64, 66]}]",0.7504924491135916,0.7387919463087248,0.951310861423221,0.7756482525366404,0.7804711505633322,0.9395698190508706,83.17656707763672
Image_28478_247e30a6__scratch.png,test,SYNTHETIC_DEFECT,scratch,0.6884696960449219,0.6373954391479493,57.91242727279665,62.90890884399414,1,0.8,67.15605926513672,62.45856857299805,2256,FAIL,FAIL,True,True,Score: 0.6885 (threshold: 0.6374),653.8143999641761,1.2319000670686364,2.460799994878471,"[{""label"": 1, ""area"": 2256, ""peak"": 67.15605926513672, ""mean"": 62.45856857299805, ""bbox"": [253, 318, 57, 86]}]",0.42406876790830944,0.45446772124839674,0.7030878859857482,0.47118794326241137,0.5165794066317626,0.9275741710296684,67.20929718017578
Image_28478_247e30a6__spot.png,test,SYNTHETIC_DEFECT,spot,0.7883085632324218,0.6373954391479493,57.91242727279665,62.90890884399414,1,0.8,76.91234588623047,66.4674301147461,2629,FAIL,FAIL,True,True,Score: 0.7883 (threshold: 0.6374),646.4634999865666,1.388499978929758,3.0576999997720122,"[{""label"": 1, ""area"": 2629, ""peak"": 76.91234588623047, ""mean"": 66.4674301147461, ""bbox"": [336, 280, 47, 72]}]",0.5918074020840819,0.7785080512651988,1.0,0.9011030810193991,0.5918074020840819,0.8512396694214877,76.97300720214844
Image_28478_247e30a6__chip.png,test,SYNTHETIC_DEFECT,chip,0.7441058349609375,0.6373954391479493,57.91242727279665,62.90890884399414,1,0.8,73.85687255859375,66.25848388671875,3731,FAIL,FAIL,True,True,Score: 0.7441 (threshold: 0.6374),635.6122000142932,1.2622000649571419,2.863400033675134,"[{""label"": 1, ""area"": 3731, ""peak"": 73.85687255859375, ""mean"": 66.25848388671875, ""bbox"": [452, 250, 50, 91]}]",0.6701328711727326,0.7683232931726908,0.940032414910859,0.8204234789600643,0.700060350030175,0.9236572118286059,73.8858413696289
Image_28478_247e30a6__pin_discoloration.png,test,SYNTHETIC_DEFECT,pin_discoloration,0.8413117218017578,0.6373954391479493,57.91242727279665,62.90890884399414,1,0.8,82.81230163574219,67.98101806640625,3686,FAIL,FAIL,True,True,Score: 0.8413 (threshold: 0.6374),641.7884000111371,1.3945000246167183,2.7551999082788825,"[{""label"": 1, ""area"": 3686, ""peak"": 82.81230163574219, ""mean"": 67.98101806640625, ""bbox"": [450, 125, 62, 75]}]",0.7150192554557124,0.7317264867697144,0.9206611570247933,0.7577319587628866,0.761969904240766,0.9551983584131327,82.86424255371094
Image_28481_882df65d__scratch.png,test,SYNTHETIC_DEFECT,scratch,0.6111411285400391,0.6373954391479493,57.91242727279665,62.90890884399414,1,0.8,,,0,PASS,PASS,False,False,Score: 0.6111 (threshold: 0.6374),668.8420999562368,0.25649997405707836,2.20320001244545,[],0.0,0.0,0.0,0.0,0.0,0.0,60.119537353515625
Image_28481_882df65d__spot.png,test,SYNTHETIC_DEFECT,spot,0.7426511383056641,0.6373954391479493,57.91242727279665,62.90890884399414,1,0.8,72.93659210205078,65.20388793945312,2359,FAIL,FAIL,True,True,Score: 0.7427 (threshold: 0.6374),688.2290999637917,1.303300028666854,2.7078998973593116,"[{""label"": 1, ""area"": 2359, ""peak"": 72.93659210205078, ""mean"": 65.20388793945312, ""bbox"": [168, 290, 43, 71]}]",0.5178970917225951,0.7576708507670851,1.0,0.9211530309453159,0.5178970917225951,0.8102162565249813,72.9811019897461
Image_28481_882df65d__chip.png,test,SYNTHETIC_DEFECT,chip,0.7614244079589844,0.6373954391479493,57.91242727279665,62.90890884399414,1,0.8,74.17796325683594,65.64264678955078,3889,FAIL,FAIL,True,True,Score: 0.7614 (threshold: 0.6374),682.2544999886304,1.177300000563264,3.1754999654367566,"[{""label"": 1, ""area"": 3889, ""peak"": 74.17796325683594, ""mean"": 65.64264678955078, ""bbox"": [25, 321, 55, 81]}]",0.7273539928486293,0.7844827586206896,1.0,0.8189766006685524,0.7273539928486293,0.9490464839094159,74.23467254638672
Image_28481_882df65d__pin_discoloration.png,test,SYNTHETIC_DEFECT,pin_discoloration,0.7892631530761719,0.6373954391479493,57.91242727279665,62.90890884399414,1,0.8,77.0334701538086,65.95912170410156,2794,FAIL,FAIL,True,True,Score: 0.7893 (threshold: 0.6374),672.5826000329107,1.5116999857127666,3.0558001017197967,"[{""label"": 1, ""area"": 2794, ""peak"": 77.0334701538086, ""mean"": 65.95912170410156, ""bbox"": [6, 59, 59, 58]}]",0.5594310870301389,0.683622463981182,0.9874476987447699,0.8321403006442376,0.5634379263301501,0.7929740791268759,77.0908432006836
Image_28507_90cdc6f0__scratch.png,test,SYNTHETIC_DEFECT,scratch,0.6857715606689453,0.6373954391479493,57.91242727279665,62.90890884399414,1,0.8,65.99607849121094,61.87887954711914,1644,FAIL,FAIL,True,True,Score: 0.6858 (threshold: 0.6374),621.1448999820277,1.5750000020489097,3.3874999498948455,"[{""label"": 1, ""area"": 1644, ""peak"": 65.99607849121094, ""mean"": 61.87887954711914, ""bbox"": [356, 150, 59, 49]}]",0.4067982456140351,0.5299401197604791,0.9973118279569892,0.5383211678832117,0.407244785949506,0.9714599341383096,66.05500030517578
Image_28507_90cdc6f0__spot.png,test,SYNTHETIC_DEFECT,spot,0.8321642303466796,0.6373954391479493,57.91242727279665,62.90890884399414,1,0.8,81.72122192382812,68.56497955322266,2713,FAIL,FAIL,True,True,Score: 0.8322 (threshold: 0.6374),614.7010000422597,1.3679999392479658,3.208699985407293,"[{""label"": 1, ""area"": 2713, ""peak"": 81.72122192382812, ""mean"": 68.56497955322266, ""bbox"": [82, 238, 49, 72]}]",0.7566793893129771,0.663003663003663,0.8549865229110513,0.6671581275340951,0.8680897646414888,0.9906951286261632,81.77725982666016
Image_28507_90cdc6f0__chip.png,test,SYNTHETIC_DEFECT,chip,0.73268798828125,0.6373954391479493,57.91242727279665,62.90890884399414,1,0.8,72.33917236328125,65.04576110839844,3503,FAIL,FAIL,True,True,Score: 0.7327 (threshold: 0.6374),650.1206000102684,1.4217999996617436,3.2999999821186066,"[{""label"": 1, ""area"": 3503, ""peak"": 72.33917236328125, ""mean"": 65.04576110839844, ""bbox"": [32, 289, 53, 78]}]",0.6339908952959029,0.7744714173844949,1.0,0.846988295746503,0.6339908952959029,0.9004552352048558,72.37147521972656
Image_28507_90cdc6f0__pin_discoloration.png,test,SYNTHETIC_DEFECT,pin_discoloration,0.8594375610351562,0.6373954391479493,57.91242727279665,62.90890884399414,1,0.8,84.52976989746094,68.69401550292969,3738,FAIL,FAIL,True,True,Score: 0.8594 (threshold: 0.6374),617.5872000167146,1.4412999153137207,2.928100060671568,"[{""label"": 1, ""area"": 3738, ""peak"": 84.52976989746094, ""mean"": 68.69401550292969, ""bbox"": [451, 194, 61, 77]}]",0.6934926123860421,0.7239759979128619,0.876440206595153,0.7423756019261637,0.7686411149825784,0.9668989547038328,84.5820083618164
Image_28509_3bac9fb9__scratch.png,test,SYNTHETIC_DEFECT,scratch,0.5927694702148437,0.6373954391479493,57.91242727279665,62.90890884399414,1,0.8,,,0,PASS,PASS,False,False,Score: 0.5928 (threshold: 0.6374),631.1812999192625,0.2586999908089638,2.2972000297158957,[],0.0,0.0,0.0,0.0,0.0,0.0,57.91792297363281
Image_28509_3bac9fb9__spot.png,test,SYNTHETIC_DEFECT,spot,0.8427813720703125,0.6373954391479493,57.91242727279665,62.90890884399414,1,0.8,81.86750030517578,68.23075866699219,2123,FAIL,FAIL,True,True,Score: 0.8428 (threshold: 0.6374),650.6916999351233,1.3528999406844378,3.092500031925738,"[{""label"": 1, ""area"": 2123, ""peak"": 81.86750030517578, ""mean"": 68.23075866699219, ""bbox"": [339, 355, 51, 57]}]",0.7763578274760383,0.6290550070521862,0.844923504867872,0.6302402260951484,0.9053651266766021,0.9970193740685543,81.94953918457031
Image_28509_3bac9fb9__chip.png,test,SYNTHETIC_DEFECT,chip,0.7014163970947266,0.6373954391479493,57.91242727279665,62.90890884399414,1,0.8,68.54078674316406,63.23881912231445,2767,FAIL,FAIL,True,True,Score: 0.7014 (threshold: 0.6374),660.3506999090314,1.4056999934837222,3.0722999945282936,"[{""label"": 1, ""area"": 2767, ""peak"": 68.54078674316406, ""mean"": 63.23881912231445, ""bbox"": [16, 346, 44, 73]}]",0.3825301204819277,0.6482534524776604,1.0,0.8651969642211782,0.3825301204819277,0.7210843373493976,68.58792877197266
Image_28509_3bac9fb9__pin_discoloration.png,test,SYNTHETIC_DEFECT,pin_discoloration,0.8556674957275391,0.6373954391479493,57.91242727279665,62.90890884399414,1,0.8,83.88459777832031,68.74903869628906,3647,FAIL,FAIL,True,True,Score: 0.8557 (threshold: 0.6374),654.1123000206426,1.4091000193729997,2.985200029797852,"[{""label"": 1, ""area"": 3647, ""peak"": 83.88459777832031, ""mean"": 68.74903869628906, ""bbox"": [449, 232, 63, 76]}]",0.7300927406459866,0.7452178533475027,0.917604501607717,0.7691253084727173,0.7813141683778234,0.9599589322381931,83.9360122680664
